displayUrl,url
https://scontent-cdg4-2.cdninstagram.com/v/t51.2885-15/343581747_557840596238895_9000891858880334062_n.jpg?stp=dst-jpg_e35_s1080x1080&_nc_ht=scontent-cdg4-2.cdninstagram.com&_nc_cat=103&_nc_ohc=4rQHDRuQgBEAX8uFv9R&edm=AABBvjUBAAAA&ccb=7-5&oh=00_AfD3g1vN8ODYIYczPabKjNi0ghiRvRlazOMYquT5UBMOlQ&oe=644FF037&_nc_sid=83d603,https://www.instagram.com/p/CrkbXzWNbXo/
https://instagram.fala4-3.fna.fbcdn.net/v/t51.2885-15/343566883_551196680496504_7727556213348730525_n.webp?stp=dst-jpg_e35_s1080x1080&_nc_ht=instagram.fala4-3.fna.fbcdn.net&_nc_cat=100&_nc_ohc=lrWKP51aOXUAX-ojqoW&edm=AABBvjUBAAAA&ccb=7-5&oh=00_AfAqb7XjQ9bxCtw7buQ4rIo2MLN0LNuqhobX_81QdGR0KQ&oe=6450D1E9&_nc_sid=83d603,https://www.instagram.com/p/CrjG8YEub1X/
https://instagram.fvvc1-1.fna.fbcdn.net/v/t51.2885-15/343286454_1195449534449051_5013743925670787497_n.jpg?stp=dst-jpg_e35_p1080x1080&_nc_ht=instagram.fvvc1-1.fna.fbcdn.net&_nc_cat=111&_nc_ohc=sKZCHEL1PTYAX-hunjG&edm=AABBvjUBAAAA&ccb=7-5&oh=00_AfB2aN7gdzy636ULf-RiVeFpGEryO46yEO7ZTzvjVSCvXg&oe=644FC68E&_nc_sid=83d603,https://www.instagram.com/p/CriBknVSnjV/
https://instagram.fath3-4.fna.fbcdn.net/v/t51.2885-15/343082183_1473278980148216_1470100659834440759_n.webp?stp=dst-jpg_e35_p1080x1080&_nc_ht=instagram.fath3-4.fna.fbcdn.net&_nc_cat=108&_nc_ohc=WvZsfhSo22QAX-XWcf-&edm=AABBvjUBAAAA&ccb=7-5&oh=00_AfAhsoLPnJFTD9mmRqbT1NUd-hdvXDc3NaaJykkQJxPwkQ&oe=6451A9FF&_nc_sid=83d603,https://www.instagram.com/p/CrhvzIZoXEy/
https://instagram.flwo4-1.fna.fbcdn.net/v/t51.2885-15/343292251_6506726856026623_8235953870181664682_n.jpg?stp=dst-jpg_e15&_nc_ht=instagram.flwo4-1.fna.fbcdn.net&_nc_cat=107&_nc_ohc=7HZfvHn4A4AAX-D2EdI&edm=AABBvjUBAAAA&ccb=7-5&oh=00_AfA8IugZpTfToOMGYpqchkSfmACbmeADeLSnQc_-ayurRg&oe=64502F3E&_nc_sid=83d603,https://www.instagram.com/p/CrirPqfr8gi/
https://instagram.fewr1-5.fna.fbcdn.net/v/t51.2885-15/343042946_9257769274295987_6153679856127550940_n.jpg?stp=dst-jpg_e35_s1080x1080&_nc_ht=instagram.fewr1-5.fna.fbcdn.net&_nc_cat=111&_nc_ohc=XWekwzzvW2AAX8yQcna&edm=AABBvjUBAAAA&ccb=7-5&oh=00_AfDTKv_dxgR5Qm152mOx2slBGZezNtaYrKghcDA0pFAe3Q&oe=6451A5A5&_nc_sid=83d603,https://www.instagram.com/p/CrgNcXauzBf/
https://scontent-atl3-1.cdninstagram.com/v/t51.2885-15/343425756_784234856378430_9025980448725566987_n.jpg?stp=dst-jpg_e35&_nc_ht=scontent-atl3-1.cdninstagram.com&_nc_cat=106&_nc_ohc=m5ECKP4z0DIAX9L3-MG&edm=AABBvjUBAAAA&ccb=7-5&oh=00_AfDQAjxQ6-AjZIyjX4nMceRgBM1GEz_Z8qNRulY7shqkBQ&oe=6450E274&_nc_sid=83d603,https://www.instagram.com/p/CrfrQiCujiV/
https://scontent-fra3-1.cdninstagram.com/v/t51.2885-15/343413097_727005909219616_7790357501759511889_n.jpg?stp=dst-jpg_e35_s1080x1080&_nc_ht=scontent-fra3-1.cdninstagram.com&_nc_cat=104&_nc_ohc=qNsjOkJhH5gAX-oggot&edm=AABBvjUBAAAA&ccb=7-5&oh=00_AfApf8MSqs5ll2PvarJtvKhxktuOPoiOzZfL2zmUcE2PjQ&oe=645114E1&_nc_sid=83d603,https://www.instagram.com/p/CrjIjmiLKaU/
https://instagram.frai1-1.fna.fbcdn.net/v/t51.2885-15/342916960_608427807841416_137045273992802447_n.jpg?stp=dst-jpg_e35&_nc_ht=instagram.frai1-1.fna.fbcdn.net&_nc_cat=100&_nc_ohc=hV4MBnk3s54AX9Y65mW&edm=AABBvjUBAAAA&ccb=7-5&oh=00_AfAX0RfQ67_zPtJtLK5fdgIad7J3Q8Ibd778ERZVA3nmfQ&oe=64514E92&_nc_sid=83d603,https://www.instagram.com/p/CrfkviFKlKQ/
https://instagram.fmel16-1.fna.fbcdn.net/v/t51.2885-15/343288703_268184355554677_462727142419788413_n.jpg?stp=dst-jpg_e35_s1080x1080&_nc_ht=instagram.fmel16-1.fna.fbcdn.net&_nc_cat=101&_nc_ohc=7Dn3LpUwXBcAX8e3lSw&edm=AABBvjUBAAAA&ccb=7-5&oh=00_AfCgkiWHIoT1sgnOLQ4S9DWj3dGszUUqyuYIqvcBABfDLg&oe=645163C2&_nc_sid=83d603,https://www.instagram.com/p/Cre94yCojpp/
https://instagram.fiev19-1.fna.fbcdn.net/v/t51.2885-15/343597522_286256470496920_625719902654205105_n.jpg?stp=dst-jpg_e35&_nc_ht=instagram.fiev19-1.fna.fbcdn.net&_nc_cat=104&_nc_ohc=DMVR73yoRzIAX84hhv5&edm=AABBvjUBAAAA&ccb=7-5&oh=00_AfD7wdbtDzOfcnr3-KThOkwbfj5AiAqoeivag8lYCzbtqA&oe=64506CF1&_nc_sid=83d603,https://www.instagram.com/p/CrdjHKaMPvX/
https://scontent-syd2-1.cdninstagram.com/v/t51.2885-15/342730216_533835375621866_791276407849609495_n.jpg?stp=dst-jpg_e35_p1080x1080&_nc_ht=scontent-syd2-1.cdninstagram.com&_nc_cat=102&_nc_ohc=5XJwMlm39o0AX-aH_mS&edm=AABBvjUBAAAA&ccb=7-5&oh=00_AfBO5MS4zLoOIXAwvZ2Bdj5t7ZJFYgzIzrPjtYVIeK5fag&oe=6450BC75&_nc_sid=83d603,https://www.instagram.com/p/CrdRlico1Fq/
https://scontent-lcy1-1.cdninstagram.com/v/t51.2885-15/342880019_1959567291071711_7245131327212110354_n.webp?stp=dst-jpg_e35_s1080x1080&_nc_ht=scontent-lcy1-1.cdninstagram.com&_nc_cat=111&_nc_ohc=QZxAi8Ow8nUAX-k7Liw&edm=AABBvjUBAAAA&ccb=7-5&oh=00_AfAEh9a0O7tPiuXGhPdyOl6BKCLz-iq5R-sN1022btnAZg&oe=6450FCB4&_nc_sid=83d603,https://www.instagram.com/p/Crbxuges4Og/
https://scontent-mia3-1.cdninstagram.com/v/t51.2885-15/343275028_1199927930886976_7432158356331560653_n.jpg?stp=dst-jpg_e35_s1080x1080&_nc_ht=scontent-mia3-1.cdninstagram.com&_nc_cat=104&_nc_ohc=DOA-jgZAO-MAX8J5iDc&edm=AABBvjUBAAAA&ccb=7-5&oh=00_AfBj0sh2UwSrAoVp8k6voNTu_jMYSjgvClrTiGBLHotaqw&oe=64518DA3&_nc_sid=83d603,https://www.instagram.com/p/CrjVnOLMQLi/
https://scontent-iad3-1.cdninstagram.com/v/t51.2885-15/342953158_628873541938593_9153861207788739230_n.jpg?stp=dst-jpg_e35_p1080x1080&_nc_ht=scontent-iad3-1.cdninstagram.com&_nc_cat=109&_nc_ohc=tJatKXixkeIAX_bDkbW&edm=AABBvjUBAAAA&ccb=7-5&oh=00_AfDkNKdmaXH1IWVG0xyXMYsgrCWl7GlYi5Na-KKydg0XTw&oe=644FEDF5&_nc_sid=83d603,https://www.instagram.com/p/CrbsMvQsKHX/
https://scontent-atl3-1.cdninstagram.com/v/t51.2885-15/342718964_560001622784326_7307694293075566735_n.jpg?stp=dst-jpg_e35_p1080x1080&_nc_ht=scontent-atl3-1.cdninstagram.com&_nc_cat=110&_nc_ohc=adr2wQ-oBc8AX_5hP8Q&edm=AABBvjUBAAAA&ccb=7-5&oh=00_AfDNBZms6pkmsqUdC0bPHjSOCIVIBE_wjV2biP0ionfbAw&oe=6450ED1E&_nc_sid=83d603,https://www.instagram.com/p/Crbea-eo4WZ/
https://scontent-iad3-1.cdninstagram.com/v/t51.2885-15/342573062_753006059803759_4663861683622838662_n.webp?stp=dst-jpg_e35&_nc_ht=scontent-iad3-1.cdninstagram.com&_nc_cat=107&_nc_ohc=ZuLckH6b_woAX-mGXvU&edm=AABBvjUBAAAA&ccb=7-5&oh=00_AfDBdZ0WdS-AlEwGOG7qHwCpR9TkPK0yf7ki4k07Y2tQmQ&oe=645185DE&_nc_sid=83d603,https://www.instagram.com/p/CrbF4WLIZPT/
https://scontent-lax3-1.cdninstagram.com/v/t51.2885-15/343054434_1410082456230392_5968792521306677775_n.jpg?stp=dst-jpg_e35_s1080x1080&_nc_ht=scontent-lax3-1.cdninstagram.com&_nc_cat=108&_nc_ohc=Cz3xe9ygod4AX9z8qq2&edm=AABBvjUBAAAA&ccb=7-5&oh=00_AfD-ZdJBlXQ_pq6S5HaMJBnaMqeszrzN52H5N9CvCZb8HA&oe=644FEB10&_nc_sid=83d603,https://www.instagram.com/p/CrZtl5XOLlz/
https://scontent-lga3-1.cdninstagram.com/v/t51.2885-15/343405018_1185252398856206_6073504894350906708_n.jpg?stp=dst-jpg_e35_s1080x1080&_nc_ht=scontent-lga3-1.cdninstagram.com&_nc_cat=102&_nc_ohc=PRlTy4N_EkwAX-NjAGi&edm=AABBvjUBAAAA&ccb=7-5&oh=00_AfBAQ1ALM_EwxXjuqIV1WiFi_TcpV0SZVtfywRHdDCsagg&oe=64512CE9&_nc_sid=83d603,https://www.instagram.com/p/CrgvGteMmkA/
https://instagram.fhdd2-1.fna.fbcdn.net/v/t39.30808-6/339254991_967140614290131_5300309941689225345_n.jpg?stp=dst-jpg_e35_s1080x1080_sh0.08&_nc_ht=instagram.fhdd2-1.fna.fbcdn.net&_nc_cat=103&_nc_ohc=-cAQ6kPbj_0AX8ACdlm&edm=AABBvjUAAAAA&ccb=7-5&oh=00_AfBEvxT0XBFluDwxdm_i_Xqr7GCR0IFuVdXWNxemlZAXww&oe=64517683&_nc_sid=83d603,https://www.instagram.com/p/CrhrdmlPeB3/
https://scontent-lga3-1.cdninstagram.com/v/t51.2885-15/342552535_204431439037806_8411085211788239195_n.jpg?stp=dst-jpg_e35_s1080x1080&_nc_ht=scontent-lga3-1.cdninstagram.com&_nc_cat=106&_nc_ohc=UlFyKtVSUKQAX9Io44j&edm=AABBvjUBAAAA&ccb=7-5&oh=00_AfCBUBUo8KzGlDLuEATJUY27c1kly9cAZWgVzNtF_a4POg&oe=645106D4&_nc_sid=83d603,https://www.instagram.com/p/CrYXD7eNpLO/
https://instagram.fprg1-1.fna.fbcdn.net/v/t51.2885-15/342581707_167052346292343_562416108591124116_n.jpg?stp=dst-jpg_e35_s1080x1080&_nc_ht=instagram.fprg1-1.fna.fbcdn.net&_nc_cat=103&_nc_ohc=-bQR_moxIyAAX9_H57g&edm=AABBvjUBAAAA&ccb=7-5&oh=00_AfDSdF-3RaDNNbE4u9iviPqrgmYPWGBFIJO7tyq5K2Jwlg&oe=64509537&_nc_sid=83d603,https://www.instagram.com/p/CrYr1hDOLTC/
https://instagram.fper7-1.fna.fbcdn.net/v/t51.2885-15/342719138_970993860728052_1312065786727598090_n.jpg?stp=dst-jpg_e35_p1080x1080&_nc_ht=instagram.fper7-1.fna.fbcdn.net&_nc_cat=100&_nc_ohc=xEg6fJAJRfAAX8UJlzJ&edm=AABBvjUBAAAA&ccb=7-5&oh=00_AfBiXROLeinbW19Ie7n3kDfLw4COhhwvghhYN2ywUBXrWw&oe=6450E230&_nc_sid=83d603,https://www.instagram.com/p/CrYUP8gNCfK/
https://instagram.fsjp1-1.fna.fbcdn.net/v/t51.2885-15/342694202_618094500187732_3757699384469284367_n.webp?stp=dst-jpg_e35_s1080x1080&_nc_ht=instagram.fsjp1-1.fna.fbcdn.net&_nc_cat=104&_nc_ohc=AWYsrv8VUasAX8-i-7X&edm=AABBvjUBAAAA&ccb=7-5&oh=00_AfCj-L7c7idXoXw7P4DqEpS67vSU_L5PscIBZDCuipXeKg&oe=644FE4FE&_nc_sid=83d603,https://www.instagram.com/p/CrYMiTprTcF/
https://scontent-man2-1.cdninstagram.com/v/t51.2885-15/342250658_1449729079099919_2124406707195198161_n.jpg?stp=dst-jpg_e35_p1080x1080&_nc_ht=scontent-man2-1.cdninstagram.com&_nc_cat=111&_nc_ohc=-dGZnRyhZ6IAX-Acul3&edm=AABBvjUBAAAA&ccb=7-5&oh=00_AfC2QYenOGKyEbzQ3EAxbnAHjrx7BVxywNFvNCsvnBZutg&oe=645070A2&_nc_sid=83d603,https://www.instagram.com/p/CrWmVqzLBC2/
https://scontent-lga3-1.cdninstagram.com/v/t51.2885-15/343052039_232833902667886_7690846595691982859_n.webp?stp=dst-jpg_e35&_nc_ht=scontent-lga3-1.cdninstagram.com&_nc_cat=110&_nc_ohc=oyqJIbUaz1kAX_t4cra&edm=AABBvjUBAAAA&ccb=7-5&oh=00_AfBhtSSj6AypT6t9NcuwIx7yOPSGciICnlLHnoW7N6JASw&oe=6450F7F2&_nc_sid=83d603,https://www.instagram.com/p/CrgLAvxIJ8k/
https://scontent-dfw5-2.cdninstagram.com/v/t51.2885-15/342733901_1590162464839160_2134981998085735148_n.webp?stp=dst-jpg_e35_s1080x1080&_nc_ht=scontent-dfw5-2.cdninstagram.com&_nc_cat=108&_nc_ohc=UCrabNsEJksAX_OfOK8&edm=AABBvjUBAAAA&ccb=7-5&oh=00_AfDtNKw-vDQiRazcrx9rYld4Auw-QnJPCyB-26-A2UM1hA&oe=64503100&_nc_sid=83d603,https://www.instagram.com/p/CrWqeGlLYJn/
https://instagram.forf1-3.fna.fbcdn.net/v/t51.2885-15/342692404_779701826851587_4982178335447829114_n.jpg?stp=dst-jpg_e35&_nc_ht=instagram.forf1-3.fna.fbcdn.net&_nc_cat=103&_nc_ohc=KQZfewPV8NMAX-GhYar&edm=AABBvjUBAAAA&ccb=7-5&oh=00_AfC5rlws09Q-1QVA8fw7Lg6FaxfRhhFsP-4jFmW6fKFc8Q&oe=6451251D&_nc_sid=83d603,https://www.instagram.com/p/CrWR29AqjlN/
https://instagram.fsjp1-1.fna.fbcdn.net/v/t39.30808-6/339415956_230904972812714_8199384926009259846_n.jpg?stp=dst-jpg_e35_s1080x1080_sh0.08&_nc_ht=instagram.fsjp1-1.fna.fbcdn.net&_nc_cat=102&_nc_ohc=PQZkio3vjdsAX9v2WWf&edm=AABBvjUAAAAA&ccb=7-5&oh=00_AfBd0WRMpBI4FCW0aVZJUx_1IAob-QZrgprWVc-xXibXag&oe=6451097C&_nc_sid=83d603,https://www.instagram.com/p/CrUzfM1vDVc/
https://instagram.fyei6-1.fna.fbcdn.net/v/t51.2885-15/342246420_963302298135499_2598124032630100224_n.webp?stp=dst-jpg_e35_s1080x1080&_nc_ht=instagram.fyei6-1.fna.fbcdn.net&_nc_cat=107&_nc_ohc=H90cHsAqjJkAX_IcZVA&edm=AABBvjUBAAAA&ccb=7-5&oh=00_AfAsgc-UzRUsFna6xhzujOAaPwlbBiwzJ13PPZZ8e7nEwQ&oe=6451951F&_nc_sid=83d603,https://www.instagram.com/p/CrT5LkesXMF/
https://instagram.ffco4-1.fna.fbcdn.net/v/t51.2885-15/342556313_1651625518584115_4750216438869540138_n.jpg?stp=dst-jpg_e35_p1080x1080&_nc_ht=instagram.ffco4-1.fna.fbcdn.net&_nc_cat=107&_nc_ohc=WYR2Gwo5OKsAX-iReou&edm=AABBvjUBAAAA&ccb=7-5&oh=00_AfBIzITTtnZxHpNkChwWxPRmT5tbRRX-9sJVlV-dZNkCKA&oe=645175EF&_nc_sid=83d603,https://www.instagram.com/p/CrT1RQXoJol/
https://scontent-cdg4-2.cdninstagram.com/v/t51.2885-15/342071984_1415319665950488_177063315551048620_n.webp?stp=dst-jpg_e35_s1080x1080&_nc_ht=scontent-cdg4-2.cdninstagram.com&_nc_cat=100&_nc_ohc=vjVW-7rvI5wAX9GgfqA&edm=AABBvjUBAAAA&ccb=7-5&oh=00_AfCp1Jn4WULT5IzXHJ_uE2Nc3yzv3LeNzJZMfPq5LChQPA&oe=645017D2&_nc_sid=83d603,https://www.instagram.com/p/CrTSM9hS0iE/
https://scontent-lga3-2.cdninstagram.com/v/t51.2885-15/342070357_3091071944527560_7913531737543085922_n.jpg?stp=dst-jpg_e35&_nc_ht=scontent-lga3-2.cdninstagram.com&_nc_cat=100&_nc_ohc=FLQt0qQgvuUAX_NQKuJ&edm=AABBvjUBAAAA&ccb=7-5&oh=00_AfASaUltSVSX6UgSXCSvxDZkTKyNLN_IrwpkMlcthHGV4g&oe=64512EB3&_nc_sid=83d603,https://www.instagram.com/p/CrTQBoUMsLW/
https://instagram.fper3-1.fna.fbcdn.net/v/t51.2885-15/342369072_1101347064588520_8860146933158088193_n.jpg?stp=dst-jpg_e35_p1080x1080&_nc_ht=instagram.fper3-1.fna.fbcdn.net&_nc_cat=104&_nc_ohc=5WeTXkyMtBgAX-OtfsK&edm=AABBvjUBAAAA&ccb=7-5&oh=00_AfAhJSap16AfImOeKFJZoliLsqMdn_n1bdQNe1A05pnplA&oe=6450CDEE&_nc_sid=83d603,https://www.instagram.com/p/CrTj32FOtUz/
https://instagram.fsaw2-1.fna.fbcdn.net/v/t51.2885-15/342910278_772528157718515_8268646166713139118_n.jpg?stp=dst-jpg_e35_s1080x1080&_nc_ht=instagram.fsaw2-1.fna.fbcdn.net&_nc_cat=111&_nc_ohc=D-UdAWy0zNsAX9tuPC9&edm=AABBvjUBAAAA&ccb=7-5&oh=00_AfAOmbBJ4MgDJNB40bNNUmZ-Y7d9Bpxtrg7Xlh3ahT_Zfw&oe=6450B9FA&_nc_sid=83d603,https://www.instagram.com/p/CrfKI6oM5YS/
https://scontent-lhr8-1.cdninstagram.com/v/t51.2885-15/342573065_5997077720388235_4676006455782614990_n.jpg?stp=dst-jpg_e15&_nc_ht=scontent-lhr8-1.cdninstagram.com&_nc_cat=107&_nc_ohc=366u5y0memgAX-yLCsF&edm=AABBvjUBAAAA&ccb=7-5&oh=00_AfDaq-XwoIlIfm-YxjX1FvdmyM6MYqB_uhZV-9lCb6W4rQ&oe=644D3EC8&_nc_sid=83d603,https://www.instagram.com/p/CrSmDb6O5HF/
https://instagram.flhe7-1.fna.fbcdn.net/v/t51.2885-15/342060010_251494280628502_3618916572243389578_n.heic?stp=dst-jpg_e35_p1080x1080&_nc_ht=instagram.flhe7-1.fna.fbcdn.net&_nc_cat=110&_nc_ohc=KknXR3AceF8AX-Fqekc&edm=AABBvjUBAAAA&ccb=7-5&oh=00_AfA1vV3lEX7bVcWcoYfoPE9gGNpII_GcmzV8KA5NRieLIw&oe=6450046A&_nc_sid=83d603,https://www.instagram.com/p/CrSrdbDvmPE/
https://instagram.ftpa1-2.fna.fbcdn.net/v/t51.2885-15/343288021_1188527398495878_5580492867977003933_n.jpg?stp=dst-jpg_e35_p1080x1080&_nc_ht=instagram.ftpa1-2.fna.fbcdn.net&_nc_cat=106&_nc_ohc=nJlOpR9QnY0AX91Huoq&edm=AABBvjUBAAAA&ccb=7-5&oh=00_AfAnRTkPKko4zwNhDZTrCfhz5imz_MkLuiCDreKPC2X3vw&oe=6450D5F6&_nc_sid=83d603,https://www.instagram.com/p/CrfixeRMd2w/
https://scontent-iad3-1.cdninstagram.com/v/t51.2885-15/342701510_904861424075942_507975053927983953_n.jpg?stp=dst-jpg_e15_fr_s1080x1080&_nc_ht=scontent-iad3-1.cdninstagram.com&_nc_cat=102&_nc_ohc=7N9EzROoTdAAX9iRpPy&edm=AABBvjUBAAAA&ccb=7-5&oh=00_AfCUwqZd7vI2CrmaATP68uV8-v9UtxIAmVpLROiwzSdGNA&oe=64512467&_nc_sid=83d603,https://www.instagram.com/p/CrSIEP_MuGj/
https://scontent-lcy1-1.cdninstagram.com/v/t51.2885-15/342073691_1442577779819236_3516587493598523071_n.webp?stp=dst-jpg_e35_s1080x1080&_nc_ht=scontent-lcy1-1.cdninstagram.com&_nc_cat=104&_nc_ohc=HSOCIXzOfewAX91gG1u&edm=AABBvjUBAAAA&ccb=7-5&oh=00_AfBWSFZ-u4FdxYkxaBBExxbrIgcyo59ej6az5RHlAlmt-Q&oe=64509267&_nc_sid=83d603,https://www.instagram.com/p/CrSABVduUZm/
https://instagram.fqsf1-2.fna.fbcdn.net/v/t51.2885-15/341878985_235271112496714_7564912747025616941_n.webp?stp=dst-jpg_e35_s1080x1080&_nc_ht=instagram.fqsf1-2.fna.fbcdn.net&_nc_cat=110&_nc_ohc=dRM9KKDYNBMAX8Niquq&edm=AABBvjUBAAAA&ccb=7-5&oh=00_AfARf2pnpV5ysIdcGvIbcWwfQTh5w19wUvuL9Dr5V1uYGg&oe=6450AB9F&_nc_sid=83d603,https://www.instagram.com/p/CrR6ibhpjmM/
https://instagram.fmad10-2.fna.fbcdn.net/v/t51.2885-15/343300420_943276913764629_8483365268939378834_n.jpg?stp=cp6_dst-jpg_e35_fr&_nc_ht=instagram.fmad10-2.fna.fbcdn.net&_nc_cat=109&_nc_ohc=sqhv4V8JL9gAX_Sy1aO&edm=AABBvjUBAAAA&ccb=7-5&oh=00_AfAhp6SDOeCgjoOdemxZ7uRoQCheBbsevAUdrSoj7QjSPw&oe=645124B3&_nc_sid=83d603,https://www.instagram.com/p/Cre5ujOAtQB/
https://instagram.fkgf7-1.fna.fbcdn.net/v/t51.2885-15/342385319_945103020064050_6802498040979218748_n.jpg?stp=dst-jpg_e35_s1080x1080&_nc_ht=instagram.fkgf7-1.fna.fbcdn.net&_nc_cat=106&_nc_ohc=veDF0aJLvNsAX86cKww&edm=AABBvjUBAAAA&ccb=7-5&oh=00_AfChbj02amZrPuJK8KgivwcxQz5UrPE31hB6bi0vUhjpJQ&oe=645078BF&_nc_sid=83d603,https://www.instagram.com/p/CrR2Xffua5K/
https://instagram.fbkk5-5.fna.fbcdn.net/v/t51.2885-15/341977412_245942944584432_6367694960759561727_n.webp?stp=dst-jpg_e35&_nc_ht=instagram.fbkk5-5.fna.fbcdn.net&_nc_cat=100&_nc_ohc=c-wmem_E4r4AX_A-Iah&edm=AABBvjUBAAAA&ccb=7-5&oh=00_AfAfPy0Oda8GBnc4Yh1zzf4ApVlcukmLpwVJLmRXRdSVwA&oe=64517DD6&_nc_sid=83d603,https://www.instagram.com/p/CrRb5BpLqPu/
https://instagram.fsaw2-3.fna.fbcdn.net/v/t51.2885-15/343419887_959027565335742_9038117598981046033_n.jpg?stp=dst-jpg_e35_p1080x1080&_nc_ht=instagram.fsaw2-3.fna.fbcdn.net&_nc_cat=106&_nc_ohc=yLXeG4_iKl0AX8skQbS&edm=AABBvjUBAAAA&ccb=7-5&oh=00_AfAsLRLE881uHCVQxzjSB136Tj0OqIAznafIeoLVnA5vhQ&oe=645028AF&_nc_sid=83d603,https://www.instagram.com/p/CrfU4OXshUP/
https://scontent-atl3-2.cdninstagram.com/v/t51.2885-15/342903124_166327186368529_6288821030112371609_n.webp?stp=dst-jpg_e35&_nc_ht=scontent-atl3-2.cdninstagram.com&_nc_cat=101&_nc_ohc=kAB-uTEsI3MAX93tm1S&edm=AABBvjUBAAAA&ccb=7-5&oh=00_AfBfjxR6wppf8aSdc2uBYxgp6qAeoEbxDbtptzVS_A5mKQ&oe=64506E50&_nc_sid=83d603,https://www.instagram.com/p/CreFUo_IYvo/
https://instagram.fpat3-3.fna.fbcdn.net/v/t51.2885-15/342081021_1170409280315046_8264360074154124134_n.jpg?stp=dst-jpg_e35_s1080x1080&_nc_ht=instagram.fpat3-3.fna.fbcdn.net&_nc_cat=106&_nc_ohc=Y1p7zofJWrAAX84DWI1&edm=AABBvjUBAAAA&ccb=7-5&oh=00_AfB6GTTpGxe125VR8Ag2amOOVkF_3dvRIj1rWaeuplvmkg&oe=64517C8C&_nc_sid=83d603,https://www.instagram.com/p/CrQciUdIkDp/
https://scontent-man2-1.cdninstagram.com/v/t51.2885-15/343080164_1273368066946487_6538955532457596552_n.webp?stp=dst-jpg_e35&_nc_ht=scontent-man2-1.cdninstagram.com&_nc_cat=111&_nc_ohc=Ey4Nwi4qM3oAX_dvyOD&edm=AABBvjUBAAAA&ccb=7-5&oh=00_AfA1HqAnT_GFcNHaAQvxoJbTs6MYLXovtbOe7rSrOka7Dw&oe=645126E7&_nc_sid=83d603,https://www.instagram.com/p/CreExgsIL3S/
https://scontent-gru1-1.cdninstagram.com/v/t51.2885-15/341925633_224261586878272_6074792670300044568_n.webp?stp=dst-jpg_e35&_nc_ht=scontent-gru1-1.cdninstagram.com&_nc_cat=104&_nc_ohc=271T0i6OTqwAX9Cwtk0&edm=AABBvjUBAAAA&ccb=7-5&oh=00_AfBo-gzmmWm7teuBtrIYvth0DmvbPLHqrwqsY-ClPp_3ZA&oe=6450F3EE&_nc_sid=83d603,https://www.instagram.com/p/CrQY8ZoN7ui/
https://instagram.flwo4-1.fna.fbcdn.net/v/t51.2885-15/342500895_278873251137659_6656630502202918966_n.jpg?stp=dst-jpg_e35_p1080x1080&_nc_ht=instagram.flwo4-1.fna.fbcdn.net&_nc_cat=111&_nc_ohc=LXGj-VKXjiAAX9dkc_L&edm=AABBvjUBAAAA&ccb=7-5&oh=00_AfC2GAiIYwbALMrNnUQSoSGdYmZhUHnAGliNRL11oRJSoQ&oe=64512F8E&_nc_sid=83d603,https://www.instagram.com/p/CrQV1_7ujyx/
https://instagram.fist2-3.fna.fbcdn.net/v/t51.2885-15/342895271_1476507592886055_4055420486601338755_n.jpg?stp=dst-jpg_e35_s1080x1080&_nc_ht=instagram.fist2-3.fna.fbcdn.net&_nc_cat=103&_nc_ohc=aMTtCxIneT4AX8a1imD&edm=AABBvjUBAAAA&ccb=7-5&oh=00_AfAesWfAI6hJuqLOkrssF3FZ1QKRg_YUE9sqh8AdCyinyA&oe=644FD27A&_nc_sid=83d603,https://www.instagram.com/p/Crd15kvBgAL/
https://instagram.fist11-1.fna.fbcdn.net/v/t51.2885-15/342064056_1528153254375518_3881509550899248419_n.webp?stp=dst-jpg_e35&_nc_ht=instagram.fist11-1.fna.fbcdn.net&_nc_cat=102&_nc_ohc=jpeGPoJBKU0AX_ZGp3k&edm=AABBvjUBAAAA&ccb=7-5&oh=00_AfCJu3XJ20gRUv2NI3-6lLn3uP0ktKX0oWIXPQRDM5_McQ&oe=645195CB&_nc_sid=83d603,https://www.instagram.com/p/CrP9D0FKQKs/
https://scontent-vie1-1.cdninstagram.com/v/t51.2885-15/341778113_812751920429363_3158891434987120288_n.jpg?stp=dst-jpg_e35_s1080x1080&_nc_ht=scontent-vie1-1.cdninstagram.com&_nc_cat=111&_nc_ohc=XeqnErV03dMAX9ssnMY&edm=AABBvjUBAAAA&ccb=7-5&oh=00_AfDEKFez75ESy9sZHBPE1LdUms3xZUXkkCsJOFc24_ywSw&oe=6450A289&_nc_sid=83d603,https://www.instagram.com/p/CrPCnl-I3ZC/
https://instagram.fdnk6-1.fna.fbcdn.net/v/t51.2885-15/341847224_793531002138757_6767163489827905619_n.jpg?stp=dst-jpg_e35_p1080x1080&_nc_ht=instagram.fdnk6-1.fna.fbcdn.net&_nc_cat=101&_nc_ohc=DYZRIyqk22oAX-Txxvb&edm=AABBvjUBAAAA&ccb=7-5&oh=00_AfAGcKbFHeuZw9KYXO0-AeQOLqeH28hDfIQ8GoJl8yvsPQ&oe=64504E4E&_nc_sid=83d603,https://www.instagram.com/p/CrOv-j4ujTX/
https://instagram.fist6-1.fna.fbcdn.net/v/t51.2885-15/342555955_1231849317694617_3752392872354596555_n.jpg?stp=dst-jpg_e35_p1080x1080&_nc_ht=instagram.fist6-1.fna.fbcdn.net&_nc_cat=109&_nc_ohc=6KHKOrJNma4AX-U-poj&edm=AABBvjUBAAAA&ccb=7-5&oh=00_AfCxmFxLvRH6vxsAzpKoA1otdBplLCEardwUD4GwUMG9LA&oe=64501E89&_nc_sid=83d603,https://www.instagram.com/p/CrQcu1NJ3Qg/
https://instagram.fala4-3.fna.fbcdn.net/v/t51.2885-15/341786044_6558242044188250_1135528022964197052_n.jpg?stp=dst-jpg_e35_s1080x1080&_nc_ht=instagram.fala4-3.fna.fbcdn.net&_nc_cat=110&_nc_ohc=UGrSPGfT0zgAX8bNIGD&edm=AABBvjUBAAAA&ccb=7-5&oh=00_AfDToVhPOpKfXX8cXB5WjOzyCkGf_HORbWynrX25wPF9aw&oe=644FE6F2&_nc_sid=83d603,https://www.instagram.com/p/CrOLvwoyuAa/
https://scontent-ord5-2.cdninstagram.com/v/t51.2885-15/342382947_268992475464979_3179480731691339866_n.webp?stp=dst-jpg_e35_s1080x1080&_nc_ht=scontent-ord5-2.cdninstagram.com&_nc_cat=107&_nc_ohc=kFS1RVS3bpsAX-xFjNR&edm=AABBvjUBAAAA&ccb=7-5&oh=00_AfCh204XHNNU4AVM6bDDiFa6qgqJottvBPcHmWA71YB88A&oe=64513154&_nc_sid=83d603,https://www.instagram.com/p/CrNCJkEI27Q/
https://scontent-lax3-2.cdninstagram.com/v/t51.2885-15/342119063_1401576643934526_8428250304274254954_n.heic?stp=dst-jpg_e35_p1080x1080&_nc_ht=scontent-lax3-2.cdninstagram.com&_nc_cat=106&_nc_ohc=tnwjMeYtECoAX91ox7d&edm=AABBvjUBAAAA&ccb=7-5&oh=00_AfCLy35WN54l19_UJsPFuJIJ1vqS1oMqqK5VxS2S_Phm2Q&oe=6450A17C&_nc_sid=83d603,https://www.instagram.com/p/CrNssFmPMLZ/
https://scontent-cdg4-2.cdninstagram.com/v/t51.2885-15/341779754_6446483602068528_3978308488569848006_n.jpg?stp=dst-jpg_e15&_nc_ht=scontent-cdg4-2.cdninstagram.com&_nc_cat=100&_nc_ohc=zBP8rQGIMwgAX-w6VgZ&edm=AABBvjUBAAAA&ccb=7-5&oh=00_AfBU9tXBC1RmGV1BaNxQhvIhM5JEGk3-AR0zUzTisGGczQ&oe=644D4D7F&_nc_sid=83d603,https://www.instagram.com/p/CrM9d2fsqvv/
https://scontent-man2-1.cdninstagram.com/v/t51.2885-15/341533954_6283746098383104_2310747980749964822_n.jpg?stp=dst-jpg_e35&_nc_ht=scontent-man2-1.cdninstagram.com&_nc_cat=100&_nc_ohc=-3Q0u5ZV9doAX_2tQTE&edm=AABBvjUBAAAA&ccb=7-5&oh=00_AfDfM4V7YpwGs2F4JChr3O6Ff2BdUWNSQH_5tXpI_6ugqg&oe=64509BF6&_nc_sid=83d603,https://www.instagram.com/p/CrMKC22s1E8/
https://scontent-ams4-1.cdninstagram.com/v/t51.2885-15/342083281_620505493276473_8177782810623071405_n.jpg?stp=dst-jpg_e35_p1080x1080&_nc_ht=scontent-ams4-1.cdninstagram.com&_nc_cat=109&_nc_ohc=Bnzpw2P8ZHAAX-uECbe&edm=AABBvjUBAAAA&ccb=7-5&oh=00_AfBpZXNWX5PsSh1ZGsNCX000nlCB_A-PYCj1jL0_rv0o2g&oe=64504A7F&_nc_sid=83d603,https://www.instagram.com/p/CrLdrUfMP-F/
https://scontent-hou1-1.cdninstagram.com/v/t51.2885-15/341378468_241834125034199_6604444629792628369_n.jpg?stp=dst-jpg_e35_s1080x1080&_nc_ht=scontent-hou1-1.cdninstagram.com&_nc_cat=111&_nc_ohc=r9CXQ4_u0gAAX--HB-U&edm=AABBvjUBAAAA&ccb=7-5&oh=00_AfDWaci1F-KuJaCyrYw432MN6EWBT35Mu3sKiO671mFA8A&oe=64505F51&_nc_sid=83d603,https://www.instagram.com/p/CrLP9pMoGZG/
https://instagram.ffjr1-1.fna.fbcdn.net/v/t51.2885-15/341831636_2664129637060325_1866552593954689363_n.jpg?stp=dst-jpg_e35&_nc_ht=instagram.ffjr1-1.fna.fbcdn.net&_nc_cat=105&_nc_ohc=qVBBeMqjEMsAX-pvvkc&edm=AABBvjUBAAAA&ccb=7-5&oh=00_AfAfcCvUhvVRit3qZ7WTWDTjiwaQQdVamWaptLKfiA-jAg&oe=64510119&_nc_sid=83d603,https://www.instagram.com/p/CrMQSNRS1p6/
https://instagram.fakx4-1.fna.fbcdn.net/v/t51.2885-15/341535376_162032000131522_7109085114302853972_n.jpg?stp=dst-jpg_e35_p1080x1080&_nc_ht=instagram.fakx4-1.fna.fbcdn.net&_nc_cat=110&_nc_ohc=yAWduxD5LCsAX9J5DOu&edm=AABBvjUBAAAA&ccb=7-5&oh=00_AfBOd_fAz56aVnh3V2WSNFqiEB-Wf9GIZaXYvZG6lhqC5w&oe=644FE405&_nc_sid=83d603,https://www.instagram.com/p/CrLcqFBIgI8/
https://instagram.fbkk3-4.fna.fbcdn.net/v/t51.2885-15/341820172_242776904903564_5989739589217254169_n.jpg?stp=dst-jpg_e35&_nc_ht=instagram.fbkk3-4.fna.fbcdn.net&_nc_cat=108&_nc_ohc=1oII1iugiEkAX8CuLfh&edm=AABBvjUBAAAA&ccb=7-5&oh=00_AfDBOYXTQfgJtuDVMqfO7jG9BWt8yTo2WC0JGd70Fjn7Kw&oe=6450A3C4&_nc_sid=83d603,https://www.instagram.com/p/CrN-mjOuv8Y/
https://instagram.fsac1-2.fna.fbcdn.net/v/t39.30808-6/338878129_254352413688437_2565055471201025754_n.jpg?stp=dst-jpg_e35_s1080x1080_sh0.08&_nc_ht=instagram.fsac1-2.fna.fbcdn.net&_nc_cat=105&_nc_ohc=r6tLckoA9W0AX8LbEDf&edm=AABBvjUAAAAA&ccb=7-5&oh=00_AfAlfgm4GB9Ft-WD-a6y2vrSiiFh0vWgVNRqeO5_ux2kWQ&oe=64510846&_nc_sid=83d603,https://www.instagram.com/p/CrKgThlvvXE/
https://scontent-atl3-1.cdninstagram.com/v/t51.2885-15/342025692_1390199811715280_4579100722313608221_n.jpg?stp=dst-jpg_e15_fr_s1080x1080&_nc_ht=scontent-atl3-1.cdninstagram.com&_nc_cat=108&_nc_ohc=d8mWIttaeT4AX8whbV-&edm=AABBvjUBAAAA&ccb=7-5&oh=00_AfDZIpgoB9S9Gx-3rd6qKQB-wQTe3OIKCovXY1qZTy9fcA&oe=64514DA1&_nc_sid=83d603,https://www.instagram.com/p/CrKplRAhMSw/
https://scontent-hbe1-1.cdninstagram.com/v/t51.2885-15/341955421_573193707947131_6156607675697783666_n.webp?stp=dst-jpg_e35&_nc_ht=scontent-hbe1-1.cdninstagram.com&_nc_cat=107&_nc_ohc=4o_Stq4_vHAAX-OX15v&edm=AABBvjUBAAAA&ccb=7-5&oh=00_AfDRn7ID1bv4yyH436tLRalMkp_i6gBPNI7WDkpGbd_keA&oe=64502E56&_nc_sid=83d603,https://www.instagram.com/p/CrNuPpFunGh/
https://instagram.fper3-1.fna.fbcdn.net/v/t51.2885-15/341350843_559789439631657_5787374890818045703_n.webp?stp=dst-jpg_e35_s1080x1080&_nc_ht=instagram.fper3-1.fna.fbcdn.net&_nc_cat=109&_nc_ohc=6CTCOYEz-YMAX-VY4oj&edm=AABBvjUBAAAA&ccb=7-5&oh=00_AfAKjv1R5OcOdh_t2d3Mr8WahUu1T6lapNk8ySSCfzQt9A&oe=644FEFE2&_nc_sid=83d603,https://www.instagram.com/p/CrKZeUcrEsV/
https://instagram.fnak2-1.fna.fbcdn.net/v/t51.2885-15/341723912_941488777092120_7006874677199213364_n.jpg?stp=dst-jpg_e35_s1080x1080&_nc_ht=instagram.fnak2-1.fna.fbcdn.net&_nc_cat=100&_nc_ohc=QeB5m5MwVAMAX9T3pR6&edm=AABBvjUBAAAA&ccb=7-5&oh=00_AfAP3sbHLNp9808ilHGE4XuxUZdlmoxKXTQmKerVZ50hNw&oe=64501D34&_nc_sid=83d603,https://www.instagram.com/p/CrJ80hJv4m1/
https://instagram.fiev9-1.fna.fbcdn.net/v/t51.2885-15/341338360_946678500083804_9165820663182016999_n.webp?stp=dst-jpg_e35_s1080x1080&_nc_ht=instagram.fiev9-1.fna.fbcdn.net&_nc_cat=108&_nc_ohc=l2F4b8QJvmUAX9XpU3Q&edm=AABBvjUBAAAA&ccb=7-5&oh=00_AfBfPGlRagBFIE5PKwsvLVtYBOUOu66T5jSDxduzadXZVg&oe=64512A10&_nc_sid=83d603,https://www.instagram.com/p/CrIpCp9pf5O/
https://scontent-ord5-2.cdninstagram.com/v/t51.2885-15/341575960_958139168965648_3989744416102614670_n.jpg?stp=dst-jpg_e35_s1080x1080&_nc_ht=scontent-ord5-2.cdninstagram.com&_nc_cat=104&_nc_ohc=Eoererlp9VwAX-qVelz&edm=AABBvjUBAAAA&ccb=7-5&oh=00_AfB3lTyIsbr4Q7jJ-vRuehf1Cm5bSU2F_6ZWQgwsYciBWg&oe=64516CD8&_nc_sid=83d603,https://www.instagram.com/p/CrMGTNDs1Pe/
https://scontent-dfw5-1.cdninstagram.com/v/t51.2885-15/341182022_972829507415089_2914066576140177393_n.jpg?stp=dst-jpg_e35_p1080x1080&_nc_ht=scontent-dfw5-1.cdninstagram.com&_nc_cat=101&_nc_ohc=4yEtJMTRnksAX-GsVOW&edm=AABBvjUBAAAA&ccb=7-5&oh=00_AfBf6P3yuGxXuv_rcTbNtsaVAB2cs7mK7_NfGpXXXViabQ&oe=6451175A&_nc_sid=83d603,https://www.instagram.com/p/CrHBZWRIlPB/
https://scontent-atl3-1.cdninstagram.com/v/t51.2885-15/341743177_1263729791016843_3485951657047386480_n.jpg?stp=dst-jpg_e35_p1080x1080&_nc_ht=scontent-atl3-1.cdninstagram.com&_nc_cat=103&_nc_ohc=gTPpmyFs3WsAX8xMCYi&edm=AABBvjUBAAAA&ccb=7-5&oh=00_AfDPQxX1FEq45tzqzVc-i9WIAZjFE2q_WTuFPOGK1kz6eA&oe=644FD5CD&_nc_sid=83d603,https://www.instagram.com/p/CrItCOYoDq9/
https://scontent-mad2-1.cdninstagram.com/v/t51.2885-15/342025693_795738164807044_4231229740987717120_n.webp?stp=dst-jpg_e35&_nc_ht=scontent-mad2-1.cdninstagram.com&_nc_cat=104&_nc_ohc=P0hegzFfUzUAX-7nyOn&edm=AABBvjUBAAAA&ccb=7-5&oh=00_AfAxS-yWu9laVJK9xUP7J-Ma5R_gsAamc063aXz32lUKKQ&oe=64506E3E&_nc_sid=83d603,https://www.instagram.com/p/CrGsumjImVP/
https://instagram.fosu2-2.fna.fbcdn.net/v/t51.2885-15/341729501_6088466604565960_7332560686284501753_n.jpg?stp=dst-jpg_e35&_nc_ht=instagram.fosu2-2.fna.fbcdn.net&_nc_cat=104&_nc_ohc=tM9FrEVAaCUAX84PYqe&edm=AABBvjUBAAAA&ccb=7-5&oh=00_AfCHit5uCGRLhSt63Rjbr0RLoabM-Z_kKojGhepyGrP7tg&oe=644FBBE7&_nc_sid=83d603,https://www.instagram.com/p/CrIVe04PZw6/
https://scontent-atl3-1.cdninstagram.com/v/t51.2885-15/343436727_163161983358298_3271948759639527141_n.jpg?stp=dst-jpg_e35_p1080x1080&_nc_ht=scontent-atl3-1.cdninstagram.com&_nc_cat=110&_nc_ohc=J8eR1D30qsEAX9R4PQF&edm=AABBvjUBAAAA&ccb=7-5&oh=00_AfBabi96mHVU2IgBx1dIggakdJnGESy4KK52uhjwc5UuzA&oe=6450D945&_nc_sid=83d603,https://www.instagram.com/p/CrbU2ArJKBF/
https://instagram.fadb3-1.fna.fbcdn.net/v/t51.2885-15/341209979_1235815790383843_7283513183462568081_n.jpg?stp=dst-jpg_e35_p1080x1080&_nc_ht=instagram.fadb3-1.fna.fbcdn.net&_nc_cat=107&_nc_ohc=94sjmBTOwfcAX-t8C1j&edm=AABBvjUBAAAA&ccb=7-5&oh=00_AfAikI4Y0Px-YVzXnFCpAnlBLdWUeYdgloIC6nGiB41dew&oe=645016FA&_nc_sid=83d603,https://www.instagram.com/p/CrHSXa0LjFF/
https://instagram.fhyd11-1.fna.fbcdn.net/v/t51.2885-15/341363026_1742122369537200_6679486076135222374_n.jpg?stp=dst-jpg_e35_p1080x1080&_nc_ht=instagram.fhyd11-1.fna.fbcdn.net&_nc_cat=100&_nc_ohc=ufRWc5hP4jMAX_A6GLw&edm=AABBvjUBAAAA&ccb=7-5&oh=00_AfAl6ZwL3IqvFCBQIBibuvoIc10wpBGnK9jBBpH_IpQ0gA&oe=64519C46&_nc_sid=83d603,https://www.instagram.com/p/CrGtrOIxB2V/
https://instagram.fhyd7-1.fna.fbcdn.net/v/t51.2885-15/341568636_781635786473414_2819586223731497619_n.webp?stp=dst-jpg_e35&_nc_ht=instagram.fhyd7-1.fna.fbcdn.net&_nc_cat=102&_nc_ohc=VwfdGarZsrwAX9dczhM&edm=AABBvjUBAAAA&ccb=7-5&oh=00_AfCjD6F4NsD5yzS8NQkxrN6sYR1T4BRMgSi7EmGg9soWWA&oe=64518B55&_nc_sid=83d603,https://www.instagram.com/p/CrJVtwItg8w/
https://instagram.flil1-1.fna.fbcdn.net/v/t51.2885-15/343396533_251557440612575_5019842067435196410_n.webp?stp=dst-jpg_e35&_nc_ht=instagram.flil1-1.fna.fbcdn.net&_nc_cat=111&_nc_ohc=WMjlN4eCnEUAX_lQjur&edm=AABBvjUBAAAA&ccb=7-5&oh=00_AfDi-iTQZ-QCbOCDl3sqNmWmRIeyQnUFk8l1xX3nIneKMg&oe=64501A0D&_nc_sid=83d603,https://www.instagram.com/p/CrbSHT1oX6M/
https://scontent-lcy1-2.cdninstagram.com/v/t51.2885-15/343428926_1303464513859121_6106023658877530744_n.webp?stp=dst-jpg_e35&_nc_ht=scontent-lcy1-2.cdninstagram.com&_nc_cat=105&_nc_ohc=j2NPcZSeBOkAX8qhTAS&edm=AABBvjUBAAAA&ccb=7-5&oh=00_AfC69nGy7MWAAkJJU2hq5S6cFGWiA1PUDHkfqJZ35rE4dw&oe=645026DB&_nc_sid=83d603,https://www.instagram.com/p/CrlKs_ry69s/
https://instagram.fnap5-1.fna.fbcdn.net/v/t51.2885-15/310866197_1356315964774641_2209061379853055825_n.jpg?stp=dst-jpg_e35_s1080x1080&_nc_ht=instagram.fnap5-1.fna.fbcdn.net&_nc_cat=109&_nc_ohc=DBQ7rq3gjFkAX-6tIsm&edm=AABBvjUBAAAA&ccb=7-5&oh=00_AfAhYtIUE5ASV467MmgYAvHfxpNvGXZ-d2x27Ozqj9TAsA&oe=644FD06F&_nc_sid=83d603,https://www.instagram.com/p/CjZhNHmuqze/
https://instagram.fccu1-2.fna.fbcdn.net/v/t51.2885-15/229104035_4279144515495608_2396276285528981707_n.jpg?stp=dst-jpg_e35_s1080x1080&_nc_ht=instagram.fccu1-2.fna.fbcdn.net&_nc_cat=108&_nc_ohc=26pcnNnTz3UAX-si17n&edm=AABBvjUBAAAA&ccb=7-5&oh=00_AfARe5jrvNcmK5GxdMKHsOnl5fcktHo8CXXOhTDuUYV3VA&oe=64509000&_nc_sid=83d603,https://www.instagram.com/p/CSC8k6XqNCK/
https://instagram.feoh1-1.fna.fbcdn.net/v/t51.2885-15/341356469_781604913579542_5098084464200280996_n.jpg?stp=dst-jpg_e35_p1080x1080&_nc_ht=instagram.feoh1-1.fna.fbcdn.net&_nc_cat=102&_nc_ohc=0SWnJ3fLFd4AX9U7QcP&edm=AABBvjUBAAAA&ccb=7-5&oh=00_AfDu0VabLCxgUAKwS_Pxapx59DYlGJxSGKt-cI_I2tKETA&oe=6451000F&_nc_sid=83d603,https://www.instagram.com/p/CrGMH8jMuIo/
https://scontent-gmp1-1.cdninstagram.com/v/t51.2885-15/343288212_195153669536313_7288354351129111454_n.jpg?stp=dst-jpg_e35_p1080x1080&_nc_ht=scontent-gmp1-1.cdninstagram.com&_nc_cat=109&_nc_ohc=muFa8B1dRPgAX8AjXGC&edm=AABBvjUBAAAA&ccb=7-5&oh=00_AfARc_N5oufhuKve9T8OTjkQdRjy-7_cauVIcp3n4wWO7A&oe=64511F3A&_nc_sid=83d603,https://www.instagram.com/p/Crfsx2jOD4U/
https://scontent-iad3-1.cdninstagram.com/v/t51.2885-15/342560620_2154430098280900_820912801645506433_n.jpg?stp=dst-jpg_e35_s1080x1080&_nc_ht=scontent-iad3-1.cdninstagram.com&_nc_cat=104&_nc_ohc=iQb_qYI9zwcAX_vbSlr&edm=AABBvjUBAAAA&ccb=7-5&oh=00_AfC3_1VtM9XlDJ3xd5FlMc_2KRDUc0H1d9YiNfIPdBdMIA&oe=644FDDB3&_nc_sid=83d603,https://www.instagram.com/p/CrW-Ebhonf9/
https://scontent-atl3-1.cdninstagram.com/v/t51.2885-15/342737006_1716768368751692_8449343211759094098_n.jpg?stp=dst-jpg_e35_p1080x1080&_nc_ht=scontent-atl3-1.cdninstagram.com&_nc_cat=108&_nc_ohc=RxF6cbLzFaEAX9bBTJG&edm=AABBvjUBAAAA&ccb=7-5&oh=00_AfCdbrOMtcBadP4m_2nHPetKgwR24kBy3JQRrY-daFWO4A&oe=6450A254&_nc_sid=83d603,https://www.instagram.com/p/Crd_RmLInKX/
https://instagram.fcai21-4.fna.fbcdn.net/v/t51.2885-15/343064392_601451548710054_3637647795259115503_n.jpg?stp=dst-jpg_e35_s1080x1080&_nc_ht=instagram.fcai21-4.fna.fbcdn.net&_nc_cat=106&_nc_ohc=i4kPHGWKKrwAX_uXTFu&edm=AABBvjUBAAAA&ccb=7-5&oh=00_AfDOJNquJvuG_JG2CxS3S1L8Fqd2--P9vxOtfHNxljevgg&oe=6451A5D6&_nc_sid=83d603,https://www.instagram.com/p/CrZpUZ7Lh_m/
https://scontent-ord5-2.cdninstagram.com/v/t51.2885-15/336056107_919208329300699_5617307604943995772_n.webp?stp=dst-jpg_e35_p1080x1080&_nc_ht=scontent-ord5-2.cdninstagram.com&_nc_cat=107&_nc_ohc=srP0r600_HIAX_p0eE3&edm=AABBvjUBAAAA&ccb=7-5&oh=00_AfD98rNeyqwEP85b_gOwDQcen4AMrM-zbi74sU2H1ohquQ&oe=6450BB6B&_nc_sid=83d603,https://www.instagram.com/p/CrWe1ujLGlJ/
https://instagram.fcau15-1.fna.fbcdn.net/v/t51.2885-15/342520845_1953926981621464_5283550526206625015_n.jpg?stp=dst-jpg_e35_s1080x1080&_nc_ht=instagram.fcau15-1.fna.fbcdn.net&_nc_cat=104&_nc_ohc=7cTTOICVdysAX_DKxPB&edm=AABBvjUBAAAA&ccb=7-5&oh=00_AfD3wkE-5G7b3_XYXjneOrHX8pd09e78dN6V7FNm1OFnyg&oe=64514788&_nc_sid=83d603,https://www.instagram.com/p/CrWQQ4SugaU/
https://instagram.fgig18-1.fna.fbcdn.net/v/t51.2885-15/342883653_282862954071428_9093469880751347460_n.jpg?stp=dst-jpg_e35_p1080x1080&_nc_ht=instagram.fgig18-1.fna.fbcdn.net&_nc_cat=108&_nc_ohc=yLNMx73SurkAX8iLfxc&edm=AABBvjUBAAAA&ccb=7-5&oh=00_AfD6t-jlfKCJpVhqw7qJZXK0DwjEJjf6esqx8ayycOfaTw&oe=644FFCB5&_nc_sid=83d603,https://www.instagram.com/p/CrdA4EGtx8S/
https://scontent-mba1-1.cdninstagram.com/v/t51.2885-15/343254941_3061208150847304_5982809698333665994_n.jpg?stp=dst-jpg_e35_s1080x1080&_nc_ht=scontent-mba1-1.cdninstagram.com&_nc_cat=104&_nc_ohc=PiDld-QfPs8AX9EESIP&edm=AABBvjUBAAAA&ccb=7-5&oh=00_AfBqvs6EGZQikMhJqngghjJohjB5tuTM_64KmgjhPONy1Q&oe=6450B2AB&_nc_sid=83d603,https://www.instagram.com/p/Crcy7C3qEcN/
https://instagram.flhr10-2.fna.fbcdn.net/v/t51.2885-15/342301612_773650367717662_2789881765575812228_n.webp?stp=dst-jpg_e35&_nc_ht=instagram.flhr10-2.fna.fbcdn.net&_nc_cat=110&_nc_ohc=Cx7wdvbxS4sAX_81tWP&edm=AABBvjUBAAAA&ccb=7-5&oh=00_AfCgJYE5FyfFFQWrS2mEx8sdmkOTSkf0MJ5m9_i2x20QrA&oe=64505F38&_nc_sid=83d603,https://www.instagram.com/p/CrTsmiiuLqu/
https://instagram.fvlc8-1.fna.fbcdn.net/v/t51.2885-15/342569625_1686386185212337_6071045563811656298_n.jpg?stp=dst-jpg_e35_s1080x1080&_nc_ht=instagram.fvlc8-1.fna.fbcdn.net&_nc_cat=101&_nc_ohc=1bJdV_YWZmoAX96JKJn&edm=AABBvjUBAAAA&ccb=7-5&oh=00_AfAnZV5mJusv60pGDRMGIEeliFuJ_uDBfXUkezyMzbTbjw&oe=64519033&_nc_sid=83d603,https://www.instagram.com/p/CrapzqlsvTT/
https://instagram.fist6-1.fna.fbcdn.net/v/t51.2885-15/342187289_827799642043037_713374470186035159_n.webp?stp=dst-jpg_e35_s1080x1080&_nc_ht=instagram.fist6-1.fna.fbcdn.net&_nc_cat=105&_nc_ohc=1GG4BFZluBgAX_bDvP_&edm=AABBvjUBAAAA&ccb=7-5&oh=00_AfA72Byk7qbVS-sUV19FFwtRwX2Nin9clgBtjNNAxsb7KQ&oe=645003B2&_nc_sid=83d603,https://www.instagram.com/p/CrS0bOsrRJH/
https://instagram.fccu9-2.fna.fbcdn.net/v/t51.2885-15/342068096_896667991633124_1474745179090734796_n.jpg?stp=dst-jpg_e35_s1080x1080&_nc_ht=instagram.fccu9-2.fna.fbcdn.net&_nc_cat=108&_nc_ohc=cIk9lR6kOwIAX9gbeNC&edm=AABBvjUBAAAA&ccb=7-5&oh=00_AfCKDRKE2HNabBkXLDg5utPxc5f0nDPy3BRDWhExgm_XJQ&oe=6450C85F&_nc_sid=83d603,https://www.instagram.com/p/CrR3-V8u3IS/
https://instagram.fver1-1.fna.fbcdn.net/v/t51.2885-15/342743928_1549588342117613_5184123149562120615_n.jpg?stp=dst-jpg_e35_s1080x1080&_nc_ht=instagram.fver1-1.fna.fbcdn.net&_nc_cat=105&_nc_ohc=WG0ItVuGrxoAX_hQNi0&edm=AABBvjUBAAAA&ccb=7-5&oh=00_AfD0ormYA9HSpuO71LdKMttmBoXOJWxyoZQHOywlBdpCpg&oe=64504D1B&_nc_sid=83d603,https://www.instagram.com/p/CrYtnh4tLjC/
https://instagram.fsaw2-1.fna.fbcdn.net/v/t51.2885-15/343567684_3482400748753126_1610062801613222366_n.jpg?stp=dst-jpg_e35&_nc_ht=instagram.fsaw2-1.fna.fbcdn.net&_nc_cat=110&_nc_ohc=_X7fXtg-xbgAX-vQx9e&edm=AABBvjUBAAAA&ccb=7-5&oh=00_AfA5vLw9WIQ9rCYLIFhdT2saD_ksy2hsas23YPQWA548Vg&oe=644FF355&_nc_sid=83d603,https://www.instagram.com/p/Crk9GRCOajJ/
https://instagram.feoh3-1.fna.fbcdn.net/v/t51.2885-15/342516668_182895451279196_2999619576940974703_n.webp?stp=dst-jpg_e35&_nc_ht=instagram.feoh3-1.fna.fbcdn.net&_nc_cat=108&_nc_ohc=dW9bOdlTIyIAX-uMwd5&edm=AABBvjUBAAAA&ccb=7-5&oh=00_AfBSKSIWQgJNIO7PUkGv09GvvSU2932lPfXEEXBjIXrsSg&oe=6450F42E&_nc_sid=83d603,https://www.instagram.com/p/CrOtqJvsVLp/
https://instagram.fnat10-1.fna.fbcdn.net/v/t51.2885-15/343120757_2516843745135910_1972907084479584674_n.jpg?stp=dst-jpg_e35_p1080x1080&_nc_ht=instagram.fnat10-1.fna.fbcdn.net&_nc_cat=110&_nc_ohc=N_mBkc-IgxIAX-eBQgn&edm=AABBvjUBAAAA&ccb=7-5&oh=00_AfC-xyKVUqsB8Lc7ZmeRPzWVzMKXmaJOXZ6bZQOQqIqQKA&oe=64504BFB&_nc_sid=83d603,https://www.instagram.com/p/CrfvFShOwn6/
https://instagram.fkul16-2.fna.fbcdn.net/v/t51.2885-15/342079954_665365072066450_5579377293877381262_n.jpg?stp=dst-jpg_e15&_nc_ht=instagram.fkul16-2.fna.fbcdn.net&_nc_cat=110&_nc_ohc=wVWsHdYJzdAAX_02-mp&edm=AABBvjUBAAAA&ccb=7-5&oh=00_AfDlLV15C5ZD_vnh7_lS3V1l7jgKC6OIv1lBO2ECkCbjUg&oe=64504D9D&_nc_sid=83d603,https://www.instagram.com/p/CrOa71isRlL/
https://scontent-cdg4-2.cdninstagram.com/v/t51.2885-15/342489086_621133609531539_573923371940392755_n.jpg?stp=dst-jpg_e35_s1080x1080&_nc_ht=scontent-cdg4-2.cdninstagram.com&_nc_cat=103&_nc_ohc=wGWNf6Q4E7IAX9zkdpw&edm=AABBvjUBAAAA&ccb=7-5&oh=00_AfCQwlTZFm_2Z3rNsm2NtzB_8CKC57-lJNV19k4c4lLcgQ&oe=645146A1&_nc_sid=83d603,https://www.instagram.com/p/CrY_bZWshN5/
https://instagram.ferz3-1.fna.fbcdn.net/v/t51.2885-15/341776457_590762139694971_864602276655412349_n.webp?stp=dst-jpg_e35_s1080x1080&_nc_ht=instagram.ferz3-1.fna.fbcdn.net&_nc_cat=103&_nc_ohc=VjeVpmY7KbMAX-aJhdx&edm=AABBvjUBAAAA&ccb=7-5&oh=00_AfBXMASktiQpfNNuXsV6f9sAUgbf1JyqXqV1HIM-1utpKA&oe=644FE671&_nc_sid=83d603,https://www.instagram.com/p/CrLwQJ1s-Gl/
https://instagram.fath3-3.fna.fbcdn.net/v/t51.2885-15/342706614_1357377325110042_1928546450590056035_n.jpg?stp=dst-jpg_e35_s1080x1080&_nc_ht=instagram.fath3-3.fna.fbcdn.net&_nc_cat=106&_nc_ohc=d0ds_qpusI8AX_69Ahu&edm=AABBvjUBAAAA&ccb=7-5&oh=00_AfCgzTySQxQUD21MClrafs7X_MwL2cYaqgCU2A6TmmprqQ&oe=64513BC4&_nc_sid=83d603,https://www.instagram.com/p/CrW4ZpZrpvM/
https://instagram.fhan4-1.fna.fbcdn.net/v/t51.2885-15/341798848_544247814569153_1298194710472539850_n.jpg?stp=dst-jpg_e35_s1080x1080&_nc_ht=instagram.fhan4-1.fna.fbcdn.net&_nc_cat=105&_nc_ohc=jLo4YwxMx2MAX_vETSc&edm=AABBvjUBAAAA&ccb=7-5&oh=00_AfDjAyMRPQMsXMvmu-AUqclnekFOVaVUkvo5iCSuzVeOpA&oe=6451AB80&_nc_sid=83d603,https://www.instagram.com/p/CrNIlJhu4yH/
https://instagram.ftza2-1.fna.fbcdn.net/v/t51.2885-15/341350842_761013858928850_3061909744387583375_n.jpg?stp=dst-jpg_e35_s1080x1080&_nc_ht=instagram.ftza2-1.fna.fbcdn.net&_nc_cat=102&_nc_ohc=smhiVS1W3E8AX_feV6M&edm=AABBvjUBAAAA&ccb=7-5&oh=00_AfARyYImtKiOWEIzd2gF91nqn7A-DAYB_p031Hmqfi1jWQ&oe=64515C97&_nc_sid=83d603,https://www.instagram.com/p/CrIKS40sNri/
https://scontent-dfw5-2.cdninstagram.com/v/t51.2885-15/341747103_1695875860861538_2886814835975324379_n.webp?stp=dst-jpg_e35_s1080x1080&_nc_ht=scontent-dfw5-2.cdninstagram.com&_nc_cat=102&_nc_ohc=gWXWzO9M-4IAX_Kk8zr&edm=AABBvjUBAAAA&ccb=7-5&oh=00_AfBQtbeyED2Y20FSDcAoMOtTnA3jmcWh_VbqGq0z7XvXwQ&oe=644FBEFC&_nc_sid=83d603,https://www.instagram.com/p/CrIupR5unf9/
https://instagram.fplq1-2.fna.fbcdn.net/v/t51.2885-15/343031589_1733064070485503_8081280566032588607_n.jpg?stp=dst-jpg_e35_s1080x1080&_nc_ht=instagram.fplq1-2.fna.fbcdn.net&_nc_cat=111&_nc_ohc=ulYKJk7L-eIAX8cufa8&edm=AABBvjUBAAAA&ccb=7-5&oh=00_AfAh9xBzF6iXZ5gqqAfnuty-p7samsCHPwOwKiUMLtYpSA&oe=64505510&_nc_sid=83d603,https://www.instagram.com/p/CrfmQotqS3j/
https://scontent-waw1-1.cdninstagram.com/v/t51.2885-15/342733086_728999272306417_8181578093827929682_n.webp?stp=dst-jpg_e35&_nc_ht=scontent-waw1-1.cdninstagram.com&_nc_cat=101&_nc_ohc=mcvGuvo05nEAX9Gl-fU&edm=AABBvjUBAAAA&ccb=7-5&oh=00_AfA8j-Ehwc9zPs9dJWHmi6IpoEIU8veFtrOj-ZflU18mrg&oe=64513628&_nc_sid=83d603,https://www.instagram.com/p/CrVd4rdNo9Z/
https://instagram.fsaw2-2.fna.fbcdn.net/v/t51.2885-15/17662465_1308376015915623_745299764999880704_n.jpg?stp=dst-jpg_e35&_nc_ht=instagram.fsaw2-2.fna.fbcdn.net&_nc_cat=103&_nc_ohc=rZdtrL22_UMAX9bWZw_&edm=AABBvjUBAAAA&ccb=7-5&oh=00_AfCdOys6RHqTKmStcgyERU9ulAEk095R4yjgn_GGa_6YFA&oe=64507ED9&_nc_sid=83d603,https://www.instagram.com/p/BSnaS8nFp0D/
https://instagram.fbdq3-1.fna.fbcdn.net/v/t51.2885-15/328316510_753175606512175_6563649251328984490_n.jpg?stp=dst-jpg_e35_s1080x1080&_nc_ht=instagram.fbdq3-1.fna.fbcdn.net&_nc_cat=107&_nc_ohc=gza4LnO0IqgAX-ojbPu&edm=AABBvjUBAAAA&ccb=7-5&oh=00_AfCoNp3ofxr2C48SViGS7d7BD7bauhUL5JMCWaVcHJRSYg&oe=64507B0D&_nc_sid=83d603,https://www.instagram.com/p/CrGaoIFOdve/
https://scontent-waw1-1.cdninstagram.com/v/t51.2885-15/341162517_248318414337735_7812130867200762675_n.webp?stp=dst-jpg_e35&_nc_ht=scontent-waw1-1.cdninstagram.com&_nc_cat=103&_nc_ohc=zJQ1XhI5Hw0AX8ICoiA&edm=AABBvjUBAAAA&ccb=7-5&oh=00_AfAipP6eZeRgJl48SURvPCvHbU99mPOK5K6R02pTkZj56w&oe=6451A72F&_nc_sid=83d603,https://www.instagram.com/p/CrGgrtPI982/
https://instagram.frix2-1.fna.fbcdn.net/v/t51.2885-15/327426273_938219447215992_2947719782986597338_n.jpg?stp=dst-jpg_e35_p1080x1080&_nc_ht=instagram.frix2-1.fna.fbcdn.net&_nc_cat=100&_nc_ohc=KEe96bVUoYQAX_AH7UV&edm=AABBvjUBAAAA&ccb=7-5&oh=00_AfCqZ88CgLC4UvJohiFkEyivCTQxtMmdci3zPmVrfbVi_A&oe=645138FC&_nc_sid=83d603,https://www.instagram.com/p/CrF6jiEt9oP/
https://scontent-iad3-2.cdninstagram.com/v/t51.2885-15/341019940_235958532319863_6210472326868863457_n.jpg?stp=dst-jpg_e35_s1080x1080&_nc_ht=scontent-iad3-2.cdninstagram.com&_nc_cat=103&_nc_ohc=ySOrkiN9JSMAX95iPXP&edm=AABBvjUBAAAA&ccb=7-5&oh=00_AfBTiaWDMKDSQHwxfy6a1925qtFTyX780ACd0cIId8XC0A&oe=6450B005&_nc_sid=83d603,https://www.instagram.com/p/CrGlsBeNRZS/
https://instagram.fgel2-1.fna.fbcdn.net/v/t51.2885-15/243085382_969749160269851_2378238340502973233_n.jpg?stp=dst-jpg_e35&_nc_ht=instagram.fgel2-1.fna.fbcdn.net&_nc_cat=107&_nc_ohc=rp-AXsZPmi8AX_CQd_t&edm=AABBvjUBAAAA&ccb=7-5&oh=00_AfBLz157yOvMwX87tMQndZzvDGNz_nZsla9Kj9YRNqLOjw&oe=6450782E&_nc_sid=83d603,https://www.instagram.com/p/CUVVy81L3DV/
https://instagram.fbbi1-1.fna.fbcdn.net/v/t51.2885-15/327179115_2699484360259127_395358071020406067_n.jpg?stp=dst-jpg_e35_s1080x1080&_nc_ht=instagram.fbbi1-1.fna.fbcdn.net&_nc_cat=111&_nc_ohc=gWUhRK9ZIVEAX_EYFb3&edm=AABBvjUBAAAA&ccb=7-5&oh=00_AfC3_T1TYbiWGVnf85m-_LpFQO9eurGTxfR30qEt44hvRA&oe=6450A9B7&_nc_sid=83d603,https://www.instagram.com/p/CrE0jZlybLJ/
https://instagram.fphx1-2.fna.fbcdn.net/v/t51.2885-15/341029910_723647696175592_7388546589026003227_n.webp?stp=dst-jpg_e35&_nc_ht=instagram.fphx1-2.fna.fbcdn.net&_nc_cat=104&_nc_ohc=ZJASbjt1ALYAX8wqitC&edm=AABBvjUBAAAA&ccb=7-5&oh=00_AfADnt8ehUbA2n3XABYTZbOWpFZLqvAsBRRFC4Fmvc-AmA&oe=644FD73D&_nc_sid=83d603,https://www.instagram.com/p/CrEA2vZI5y-/
https://scontent-man2-1.cdninstagram.com/v/t51.2885-15/343144153_253549950396150_7971882829080985450_n.webp?stp=dst-jpg_e35&_nc_ht=scontent-man2-1.cdninstagram.com&_nc_cat=106&_nc_ohc=31Y-HYUkRCkAX9o-BxC&edm=AABBvjUBAAAA&ccb=7-5&oh=00_AfDYbL_eByhtUDaeUIwDO8ryqUdI8AlYHaU9kN0hwlWwqA&oe=644FD672&_nc_sid=83d603,https://www.instagram.com/p/CreN5HXMU9J/
https://instagram.flas1-2.fna.fbcdn.net/v/t51.2885-15/341574966_231850209394737_7801656047855803403_n.webp?stp=dst-jpg_e35_p1080x1080&_nc_ht=instagram.flas1-2.fna.fbcdn.net&_nc_cat=109&_nc_ohc=uhewT3jlM0sAX_qISsm&edm=AABBvjUBAAAA&ccb=7-5&oh=00_AfBYsnGGvxUTrplkCBSups2tzvwjb-uxyEYEPunorGTAXA&oe=645139A9&_nc_sid=83d603,https://www.instagram.com/p/CrEIX3IteVm/
https://instagram.fluh1-2.fna.fbcdn.net/v/t51.2885-15/341540556_1166520044075146_3465663299662388455_n.webp?stp=dst-jpg_e35&_nc_ht=instagram.fluh1-2.fna.fbcdn.net&_nc_cat=110&_nc_ohc=LtjlPLc2zFYAX_sXhQv&edm=AABBvjUBAAAA&ccb=7-5&oh=00_AfB2IRD4oTiV45rinea3ZgTCtFUGu6pjyWzBseFLC5LUSg&oe=64516E99&_nc_sid=83d603,https://www.instagram.com/p/CrEfECyIpKG/
https://scontent-lax3-1.cdninstagram.com/v/t51.2885-15/343275597_951325929335672_2211071045909547770_n.jpg?stp=dst-jpg_e35_s1080x1080&_nc_ht=scontent-lax3-1.cdninstagram.com&_nc_cat=108&_nc_ohc=pvWhO2JdHvsAX-u26rT&edm=AABBvjUBAAAA&ccb=7-5&oh=00_AfBSvNseDRZtmN3QuVkAwDmAvqUE8LMfI2LTJkpZDpfl_w&oe=645092D8&_nc_sid=83d603,https://www.instagram.com/p/CrgvcprMF5h/
https://instagram.fifo4-1.fna.fbcdn.net/v/t51.2885-15/340972534_1323667391545066_648193737389907500_n.jpg?stp=dst-jpg_e35_p1080x1080&_nc_ht=instagram.fifo4-1.fna.fbcdn.net&_nc_cat=110&_nc_ohc=Tst30kHVVGAAX84YHL_&edm=AABBvjUBAAAA&ccb=7-5&oh=00_AfBNAWtJHLT_HhfpDJwmRSyaFwOhmZNTRVwCL-MqXQv0Qg&oe=645130E0&_nc_sid=83d603,https://www.instagram.com/p/CrCMrbyyx-g/
https://scontent-syd2-1.cdninstagram.com/v/t51.2885-15/336036143_242188388319074_1492407567866761203_n.webp?stp=dst-jpg_e35&_nc_ht=scontent-syd2-1.cdninstagram.com&_nc_cat=102&_nc_ohc=E_niV65b_CAAX_CrEMJ&edm=AABBvjUBAAAA&ccb=7-5&oh=00_AfAFqNWvTsKafdcUUdMT9aziyb8O_h5QHZrr8vncdEe6nQ&oe=64507095&_nc_sid=83d603,https://www.instagram.com/p/CrWIV3Ih28x/
https://scontent-atl3-1.cdninstagram.com/v/t51.2885-15/342254728_1020250172287904_3491240632850779993_n.jpg?stp=dst-jpg_e35_s1080x1080&_nc_ht=scontent-atl3-1.cdninstagram.com&_nc_cat=108&_nc_ohc=w7VsCyoxGbEAX9s03_B&edm=AABBvjUBAAAA&ccb=7-5&oh=00_AfDdMhpyCsmud-MO8FoIFQL6cfDPZ_UTJPKHWU-wl-hXBw&oe=6451829D&_nc_sid=83d603,https://www.instagram.com/p/CrVxTU4su5D/
https://scontent-lhr8-2.cdninstagram.com/v/t51.2885-15/341372975_1943506202677504_2000318417849016568_n.jpg?stp=dst-jpg_e35_p1080x1080&_nc_ht=scontent-lhr8-2.cdninstagram.com&_nc_cat=104&_nc_ohc=O0o5Cvx63ewAX-HUcTb&edm=AABBvjUBAAAA&ccb=7-5&oh=00_AfAuCfEfrbD1GTTAyySsFAMYj58138DetGaSfIR2W0pxNg&oe=6450CC2D&_nc_sid=83d603,https://www.instagram.com/p/CrA_YgZvLkq/
https://instagram.fsaw2-3.fna.fbcdn.net/v/t51.2885-15/340973375_1667457410378922_602765393113958975_n.jpg?stp=dst-jpg_e35_p1080x1080&_nc_ht=instagram.fsaw2-3.fna.fbcdn.net&_nc_cat=106&_nc_ohc=C1xqEva6FIgAX8K73vl&edm=AABBvjUBAAAA&ccb=7-5&oh=00_AfCfobVVe-c8lDF6pWwzuu9SuYNfBrjDx6tdKWrHN13iiA&oe=6451A5BA&_nc_sid=83d603,https://www.instagram.com/p/CrB1oDfr_QO/
https://instagram.fqfd1-1.fna.fbcdn.net/v/t51.2885-15/342083276_912476433391313_8088672116711520281_n.webp?stp=dst-jpg_e35_s1080x1080&_nc_ht=instagram.fqfd1-1.fna.fbcdn.net&_nc_cat=105&_nc_ohc=EgJSH9nt6iIAX-LmIlV&edm=AABBvjUBAAAA&ccb=7-5&oh=00_AfDmF6DIaErH7PSMnJdIQQE7Yo4jG-OBJOCG1YjkxH_tzw&oe=644FCFA7&_nc_sid=83d603,https://www.instagram.com/p/CrSnoouszcW/
https://instagram.fham3-1.fna.fbcdn.net/v/t51.2885-15/341161958_3079451842360288_7743638294097603664_n.jpg?stp=dst-jpg_e35&_nc_ht=instagram.fham3-1.fna.fbcdn.net&_nc_cat=104&_nc_ohc=Zr_MK0lr2AsAX8IepYJ&edm=AABBvjUBAAAA&ccb=7-5&oh=00_AfCnB3qldlo_UDF5j5GdwlnoUiHbxjEmriKITHlQChw_1A&oe=64516B48&_nc_sid=83d603,https://www.instagram.com/p/CrASNM6Nlxu/
https://scontent-waw1-1.cdninstagram.com/v/t51.2885-15/342195175_3297309920487162_7538749577966507400_n.jpg?stp=dst-jpg_e35_s1080x1080&_nc_ht=scontent-waw1-1.cdninstagram.com&_nc_cat=106&_nc_ohc=O2WswdHAdtgAX98DztF&edm=AABBvjUBAAAA&ccb=7-5&oh=00_AfD3p4VLMwMPDp-bHIRn_Jpm7OYPpRhAJ7V-Z-48J6394g&oe=64508B55&_nc_sid=83d603,https://www.instagram.com/p/CrUAFUlLYzZ/
https://instagram.fbhx4-1.fna.fbcdn.net/v/t51.2885-15/342528588_888524228900817_4376986906947955059_n.jpg?stp=dst-jpg_e35_p1080x1080&_nc_ht=instagram.fbhx4-1.fna.fbcdn.net&_nc_cat=109&_nc_ohc=J71jobXLqyMAX_y6zSV&edm=AABBvjUBAAAA&ccb=7-5&oh=00_AfB7SOPx6kobZeGMsfoahK1xhxU01qXmtfegPqoKPirNyA&oe=64514760&_nc_sid=83d603,https://www.instagram.com/p/CrY9vk8oKm6/
https://scontent-hou1-1.cdninstagram.com/v/t39.30808-6/339059756_957733435364626_2754031274472026739_n.jpg?stp=dst-jpg_e35_s1080x1080_sh0.08&_nc_ht=scontent-hou1-1.cdninstagram.com&_nc_cat=110&_nc_ohc=nomKS_5MaqcAX8p1ntb&edm=AABBvjUAAAAA&ccb=7-5&oh=00_AfABGQdNY_oTln6zABPw8Lkdmu1NnOdAU_yUcbGREXTOIw&oe=644FD4EA&_nc_sid=83d603,https://www.instagram.com/p/CrANIMjvC4K/
https://instagram.fesb4-2.fna.fbcdn.net/v/t51.2885-15/340830150_246492361266402_9177317151555405402_n.jpg?stp=dst-jpg_e15_fr_s1080x1080&_nc_ht=instagram.fesb4-2.fna.fbcdn.net&_nc_cat=106&_nc_ohc=m5KOc9nIxu4AX9DS102&edm=AABBvjUBAAAA&ccb=7-5&oh=00_AfAOw-uWpkRzoZJS-dd-NE2jD80dibV7QOf_6borey2t9w&oe=64517120&_nc_sid=83d603,https://www.instagram.com/p/Cq_smZghxRE/
https://scontent-mad1-1.cdninstagram.com/v/t51.2885-15/340995592_1007750656861334_6404143338554935218_n.webp?stp=dst-jpg_e35_p1080x1080&_nc_ht=scontent-mad1-1.cdninstagram.com&_nc_cat=102&_nc_ohc=h2yQDUBTd0sAX9OKxN6&edm=AABBvjUBAAAA&ccb=7-5&oh=00_AfA6ym9ybMilVBOu16AYHd2TkrxkJqIl9v8mXPBT2pv0_w&oe=64512B8F&_nc_sid=83d603,https://www.instagram.com/p/CrApvPLolxe/
https://scontent-iev1-1.cdninstagram.com/v/t51.2885-15/340972194_945128773344120_6396170464746897527_n.jpg?stp=dst-jpg_e15_fr_s1080x1080&_nc_ht=scontent-iev1-1.cdninstagram.com&_nc_cat=100&_nc_ohc=-aunz2epfYwAX_2-fRN&edm=AABBvjUBAAAA&ccb=7-5&oh=00_AfD9junfaq3i9apyaNkjdaHAZxwzSAJiV1cxX3gJsecB9A&oe=64509CD8&_nc_sid=83d603,https://www.instagram.com/p/Cq_X_NoBeta/
https://instagram.fsaw2-3.fna.fbcdn.net/v/t51.2885-15/340838240_553245740129821_1108091514401414795_n.jpg?stp=dst-jpg_e35_s1080x1080&_nc_ht=instagram.fsaw2-3.fna.fbcdn.net&_nc_cat=101&_nc_ohc=AE_7zm_faK0AX-Wx7YI&edm=AABBvjUBAAAA&ccb=7-5&oh=00_AfBddBBeqExlihPGFXaUjy2aVvuqZXA9WrBsGLO-D4SKBA&oe=644FC2D9&_nc_sid=83d603,https://www.instagram.com/p/CrAQjk-NS70/
https://scontent-mia3-1.cdninstagram.com/v/t51.2885-15/342071074_529291489409092_2710554494788472524_n.jpg?stp=dst-jpg_e35_s1080x1080&_nc_ht=scontent-mia3-1.cdninstagram.com&_nc_cat=104&_nc_ohc=FAZiwo55MuwAX9YFnaq&edm=AABBvjUBAAAA&ccb=7-5&oh=00_AfAtKYAVmEoM90J3V1eeMabSOHjVu7X0ycH5RAjKulg_lg&oe=64513A1B&_nc_sid=83d603,https://www.instagram.com/p/CrPExe7sSui/
https://instagram.ftpa1-2.fna.fbcdn.net/v/t51.2885-15/341160853_905616210699834_5930798828867999976_n.jpg?stp=dst-jpg_e15_fr_s1080x1080&_nc_ht=instagram.ftpa1-2.fna.fbcdn.net&_nc_cat=106&_nc_ohc=XZ3jcyQIFSQAX-gltdm&edm=AABBvjUBAAAA&ccb=7-5&oh=00_AfDddcLiafUyv4yPRQLAyzsXqMIw4GVWZXPtvwRXwu3ong&oe=6451A37E&_nc_sid=83d603,https://www.instagram.com/p/Cq_Uwn3hVKv/
https://instagram.fceb1-1.fna.fbcdn.net/v/t51.2885-15/341150814_126280350420644_1318423046730370074_n.webp?stp=dst-jpg_e35_p1080x1080&_nc_ht=instagram.fceb1-1.fna.fbcdn.net&_nc_cat=108&_nc_ohc=ISfMPDpv93AAX9N14tG&edm=AABBvjUBAAAA&ccb=7-5&oh=00_AfCLxodI7H84hk20dpt-4B2BfKdO1aJs4eNZnDC8VZNmBA&oe=645071E3&_nc_sid=83d603,https://www.instagram.com/p/CrAZCcgN4A6/
https://scontent-waw1-1.cdninstagram.com/v/t51.2885-15/343577579_192629846942046_2152220874127668974_n.jpg?stp=dst-jpg_e35_s1080x1080&_nc_ht=scontent-waw1-1.cdninstagram.com&_nc_cat=106&_nc_ohc=qdpJ3o5rTAMAX-8XVrU&edm=AABBvjUBAAAA&ccb=7-5&oh=00_AfDv6zY2OE-v-yMmhi5wM8bX871BZzb_ahdZCfTsBsHpWg&oe=64512F8A&_nc_sid=83d603,https://www.instagram.com/p/CrgsxBFMton/
https://instagram.fbom3-1.fna.fbcdn.net/v/t51.2885-15/341933534_249074860829353_3639806110749197180_n.webp?stp=dst-jpg_e35&_nc_ht=instagram.fbom3-1.fna.fbcdn.net&_nc_cat=101&_nc_ohc=z85HeTgGvQwAX_SuAgI&edm=AABBvjUBAAAA&ccb=7-5&oh=00_AfDuD7Nz8VjUSX1MC8SWRKy5g0NcomNmpZEBXEPy1x9-MA&oe=644FDD99&_nc_sid=83d603,https://www.instagram.com/p/CrNuadMOJCi/
https://scontent-sjc3-1.cdninstagram.com/v/t51.2885-15/340795931_919112209268135_1582157441825445493_n.webp?stp=dst-jpg_e35_s1080x1080&_nc_ht=scontent-sjc3-1.cdninstagram.com&_nc_cat=111&_nc_ohc=XSEawFpIAQgAX9Xkwt7&edm=AABBvjUBAAAA&ccb=7-5&oh=00_AfBbrLQs7jlxSL0e7KqX6Ful3OQ95LsUkEtZ063e-NVRKA&oe=64503AE4&_nc_sid=83d603,https://www.instagram.com/p/Cq-tDYYsq6z/
https://instagram.fsaw1-14.fna.fbcdn.net/v/t51.2885-15/340704052_623059082526789_401062191549367373_n.jpg?stp=dst-jpg_e35&_nc_ht=instagram.fsaw1-14.fna.fbcdn.net&_nc_cat=109&_nc_ohc=dyNFV9rlCSwAX-KHyg5&edm=AABBvjUBAAAA&ccb=7-5&oh=00_AfAMDBa4TbVD9kwy0vQgNTG34c38J2P0aunIx4ImnvQvmg&oe=64500102&_nc_sid=83d603,https://www.instagram.com/p/Cq-OzVivD4s/
https://scontent-lga3-2.cdninstagram.com/v/t51.2885-15/340499065_3668088440079131_3679301479968274531_n.jpg?stp=dst-jpg_e35_p1080x1080&_nc_ht=scontent-lga3-2.cdninstagram.com&_nc_cat=111&_nc_ohc=BovNAOaSzNUAX80ouDH&edm=AABBvjUBAAAA&ccb=7-5&oh=00_AfBsbK0zu7Fm6pstkcZ4QPqGIRIKXgML-MGFoYBHxBa7zA&oe=64515E70&_nc_sid=83d603,https://www.instagram.com/p/Cq84e8XoL7s/
https://scontent-atl3-1.cdninstagram.com/v/t51.2885-15/326820175_159138296781212_1411672767868300936_n.jpg?stp=dst-jpg_e15_fr_s1080x1080&_nc_ht=scontent-atl3-1.cdninstagram.com&_nc_cat=108&_nc_ohc=JpdWFSPI4S8AX_es2Xq&edm=AABBvjUBAAAA&ccb=7-5&oh=00_AfC46qbxT8VlRRR6JxD4QMY60sGR-a-qRn65y2y7ZUcDcw&oe=6451A657&_nc_sid=83d603,https://www.instagram.com/p/Cq_ZHW7hi9y/
https://instagram.fbom20-1.fna.fbcdn.net/v/t51.2885-15/340726442_736767448128429_1794267457447812708_n.heic?stp=dst-jpg_e35_s1080x1080&_nc_ht=instagram.fbom20-1.fna.fbcdn.net&_nc_cat=109&_nc_ohc=91JSn29FxNMAX-igC_d&edm=AABBvjUBAAAA&ccb=7-5&oh=00_AfD8N_rSNGoWLfmGyW9ynJonGWtSzMnMSwIAAlAiX0sWwA&oe=6451576D&_nc_sid=83d603,https://www.instagram.com/p/Cq8tbU9PY3b/
https://instagram.fhrk7-1.fna.fbcdn.net/v/t51.2885-15/340726442_736767448128429_1794267457447812708_n.heic?stp=dst-jpg_e35_s1080x1080&_nc_ht=instagram.fhrk7-1.fna.fbcdn.net&_nc_cat=109&_nc_ohc=91JSn29FxNMAX8oprjv&edm=AABBvjUBAAAA&ccb=7-5&oh=00_AfCqGLgCl0qgvAT7HBjo8tQQTaksHJ3dVkFln_mWOMo0ng&oe=6451576D&_nc_sid=83d603,https://www.instagram.com/p/Cq8taeyPjBj/
https://scontent-sjc3-1.cdninstagram.com/v/t51.2885-15/340683466_984159029218160_1205574550445572834_n.jpg?stp=dst-jpg_e35_s1080x1080&_nc_ht=scontent-sjc3-1.cdninstagram.com&_nc_cat=108&_nc_ohc=ubIF0x6DvkoAX97HeU2&edm=AABBvjUBAAAA&ccb=7-5&oh=00_AfBxJbTBtF4UajvtX-v3dKJYF-Mw6jveX4bfZFdOlIihXg&oe=644FEF5E&_nc_sid=83d603,https://www.instagram.com/p/Cq8cCrlpPzb/
https://scontent-lga3-2.cdninstagram.com/v/t51.2885-15/340693487_606009598153169_8383126618452321008_n.jpg?stp=dst-jpg_e35_s1080x1080&_nc_ht=scontent-lga3-2.cdninstagram.com&_nc_cat=105&_nc_ohc=PE8xj0dQsO8AX_xqnfq&edm=AABBvjUBAAAA&ccb=7-5&oh=00_AfAEoGoXBngw4nypHPwj10OmieabC17edEpWLOXqeltmGw&oe=64505A8E&_nc_sid=83d603,https://www.instagram.com/p/Cq8HaYYotZr/
https://scontent-dfw5-1.cdninstagram.com/v/t51.2885-15/340860631_260310679686677_201922766717215128_n.webp?stp=dst-jpg_e35_p1080x1080&_nc_ht=scontent-dfw5-1.cdninstagram.com&_nc_cat=105&_nc_ohc=m8-5AoFXki8AX9JWt6M&edm=AABBvjUBAAAA&ccb=7-5&oh=00_AfCmASE_M95i-Ag2SGBKm10_J2AIaFu97whbp9rJOW_4BQ&oe=6450ADED&_nc_sid=83d603,https://www.instagram.com/p/Cq8EfpeNFOc/
https://scontent-waw1-1.cdninstagram.com/v/t51.2885-15/342522754_187970297418388_8458377866476669812_n.jpg?stp=dst-jpg_e35_s1080x1080&_nc_ht=scontent-waw1-1.cdninstagram.com&_nc_cat=104&_nc_ohc=UTB2R0jEgCwAX9ixsaH&edm=AABBvjUBAAAA&ccb=7-5&oh=00_AfDITXpeUqP7WWR1i9-702fU-guuI8iwadk_i5l3WR0SOQ&oe=644FDE81&_nc_sid=83d603,https://www.instagram.com/p/CrTMfYcMk4d/
https://instagram.fybz1-1.fna.fbcdn.net/v/t51.2885-15/341558848_2063999837325065_879265590953241082_n.jpg?stp=dst-jpg_e15_fr_s1080x1080&_nc_ht=instagram.fybz1-1.fna.fbcdn.net&_nc_cat=105&_nc_ohc=6Kc6TtCkFekAX_GkBjg&edm=AABBvjUBAAAA&ccb=7-5&oh=00_AfB6GH0mvdoHbbXSiDAEhZUen7Co4BQPIk-oL7wduYLMfA&oe=6450F830&_nc_sid=83d603,https://www.instagram.com/p/CrKtS4qJNkJ/
https://instagram.ftlv18-1.fna.fbcdn.net/v/t51.2885-15/341022896_786238829324409_8232539123701227376_n.webp?stp=dst-jpg_e35_s1080x1080&_nc_ht=instagram.ftlv18-1.fna.fbcdn.net&_nc_cat=109&_nc_ohc=SdlqQufJVMgAX8Bv3Ci&edm=AABBvjUBAAAA&ccb=7-5&oh=00_AfDKuN1eP1HdldEMWtahmTN_SrYTTb9AhFoOjP_5kNIZbA&oe=6450DF69&_nc_sid=83d603,https://www.instagram.com/p/CrEe7qdudTv/
https://scontent-iev1-1.cdninstagram.com/v/t51.2885-15/341018354_766664041704155_968779844597159784_n.jpg?stp=dst-jpg_e35_p1080x1080&_nc_ht=scontent-iev1-1.cdninstagram.com&_nc_cat=111&_nc_ohc=h2QWxdXegucAX82XJX7&edm=AABBvjUBAAAA&ccb=7-5&oh=00_AfDpIo_Rv46fdHxgxSVWIsWsKe3nAbCb_Py0dasotaYewQ&oe=64510FC8&_nc_sid=83d603,https://www.instagram.com/p/CrD9RiWIfN8/
https://instagram.futh1-1.fna.fbcdn.net/v/t51.2885-15/342069451_182844264647180_7891319689147611953_n.jpg?stp=dst-jpg_e35_s1080x1080&_nc_ht=instagram.futh1-1.fna.fbcdn.net&_nc_cat=108&_nc_ohc=bS-adWjo-i4AX8Z0Zgk&edm=AABBvjUBAAAA&ccb=7-5&oh=00_AfB9zouNe-XQNXT7btQV41uvhggUvPwIVwSAc9WIf2Q-AQ&oe=644FE8D4&_nc_sid=83d603,https://www.instagram.com/p/CrIoRAgM9Kq/
https://instagram.fscl19-1.fna.fbcdn.net/v/t51.2885-15/329737922_776366290416396_2596004957450202027_n.webp?stp=dst-jpg_e35_s1080x1080&_nc_ht=instagram.fscl19-1.fna.fbcdn.net&_nc_cat=100&_nc_ohc=ebAu77u673EAX8lVGB8&edm=AABBvjUBAAAA&ccb=7-5&oh=00_AfD0OwPBD1VLKF2DeX1Kg57p-J7n8OEf1Gr_0l8vegD-yw&oe=6450B042&_nc_sid=83d603,https://www.instagram.com/p/CrD1M9fIJ88/
https://instagram.fakx4-1.fna.fbcdn.net/v/t51.2885-15/340856693_747516763528074_1711634000475988456_n.jpg?stp=dst-jpg_e15_fr_s1080x1080&_nc_ht=instagram.fakx4-1.fna.fbcdn.net&_nc_cat=106&_nc_ohc=S4vCPdPax1YAX_bLc96&edm=AABBvjUBAAAA&ccb=7-5&oh=00_AfAcUhdBKWE4rR4a1Xld2IxjkV4j_jUKgeMOxO3V0MhiHQ&oe=6450A236&_nc_sid=83d603,https://www.instagram.com/p/Cq_tEa8BNsf/
https://scontent-atl3-2.cdninstagram.com/v/t51.2885-15/341173773_248622127562702_1947178519571360053_n.jpg?stp=dst-jpg_e35_s1080x1080&_nc_ht=scontent-atl3-2.cdninstagram.com&_nc_cat=102&_nc_ohc=Jdl5tnO8YHUAX_a-BWr&edm=AABBvjUBAAAA&ccb=7-5&oh=00_AfAjP8D2fq88FnUlyjqKfH7iGeRTXroXy0vgsfkwnAk45A&oe=6450A1D5&_nc_sid=83d603,https://www.instagram.com/p/CrB-h0trE_d/
https://instagram.fgla3-1.fna.fbcdn.net/v/t51.2885-15/341003083_939385690703375_435900232281353545_n.webp?stp=dst-jpg_e35&_nc_ht=instagram.fgla3-1.fna.fbcdn.net&_nc_cat=111&_nc_ohc=lBHWe-9dYZwAX8EM2yf&edm=AABBvjUBAAAA&ccb=7-5&oh=00_AfA98ypo7RvXTOLjKt_5gfJ1yfol137MMd_VA1ZhwKifeQ&oe=64506694&_nc_sid=83d603,https://www.instagram.com/p/CrAyLflt-ml/
https://scontent-waw1-1.cdninstagram.com/v/t51.2885-15/342713284_3348411322037422_6968426860538680435_n.jpg?stp=dst-jpg_e35_p1080x1080&_nc_ht=scontent-waw1-1.cdninstagram.com&_nc_cat=110&_nc_ohc=Ai3yxg_nVFcAX85_rGJ&edm=AABBvjUBAAAA&ccb=7-5&oh=00_AfBWQL0hcqGjQkRVlrOB5aAdQuxmyMS01_S_cGKC_AWfNA&oe=645004C5&_nc_sid=83d603,https://www.instagram.com/p/CraLDIut4m9/
https://instagram.fiev19-1.fna.fbcdn.net/v/t51.2885-15/340988851_1373709929863019_5196085021573991979_n.jpg?stp=dst-jpg_e35_s1080x1080&_nc_ht=instagram.fiev19-1.fna.fbcdn.net&_nc_cat=111&_nc_ohc=FTiD7MERBtoAX8HyuId&edm=AABBvjUBAAAA&ccb=7-5&oh=00_AfC7jLVwKyeT-3Ma0u0hQchVyaaimW5ArYprixvliCeApA&oe=645192A8&_nc_sid=83d603,https://www.instagram.com/p/CrAy5hEtC2K/
https://instagram.flis8-1.fna.fbcdn.net/v/t51.2885-15/342519129_1436403773781761_7296069023741814811_n.jpg?stp=dst-jpg_e35_s1080x1080&_nc_ht=instagram.flis8-1.fna.fbcdn.net&_nc_cat=105&_nc_ohc=McPhPxwDvqYAX_s75Wa&edm=AABBvjUBAAAA&ccb=7-5&oh=00_AfByBfuN8TMNPN9vvIfITKillYOfuDEqERfoe5CqbzBnow&oe=64510881&_nc_sid=83d603,https://www.instagram.com/p/CrYXBVioWKI/
https://instagram.fyyc2-1.fna.fbcdn.net/v/t51.2885-15/341991697_942359496968259_111876179589211525_n.jpg?stp=dst-jpg_e35_p1080x1080&_nc_ht=instagram.fyyc2-1.fna.fbcdn.net&_nc_cat=103&_nc_ohc=kSZWQoZj84QAX8M6v16&edm=AABBvjUBAAAA&ccb=7-5&oh=00_AfCQCAZ4Dpl64Rxfq8G4xlPVGx9GdQuuNrVkqqPEMwUKEw&oe=644FD1E9&_nc_sid=83d603,https://www.instagram.com/p/CrQ8OjVIpNh/
https://scontent-jnb1-1.cdninstagram.com/v/t51.2885-15/340827879_1303537716893239_3317750350633796108_n.webp?stp=dst-jpg_e35_s1080x1080&_nc_ht=scontent-jnb1-1.cdninstagram.com&_nc_cat=107&_nc_ohc=3wryo5qzrSwAX_4EaKg&edm=AABBvjUBAAAA&ccb=7-5&oh=00_AfBUW0qDTehmkxJ3bMMAd4z825SrXLfqpg9qCINPvVMfZg&oe=6451A1A3&_nc_sid=83d603,https://www.instagram.com/p/Cq_K4_RMJG7/
https://scontent-lcy1-1.cdninstagram.com/v/t51.2885-15/342220689_5954922267889048_745417389865515665_n.jpg?stp=dst-jpg_e35&_nc_ht=scontent-lcy1-1.cdninstagram.com&_nc_cat=104&_nc_ohc=BjfiLRDHfZ4AX_W-mMg&edm=AABBvjUBAAAA&ccb=7-5&oh=00_AfAqCcMffa8Zf4PM5fR9NdxpuulhIrH57ICzdFNoQjZhAg&oe=64514FED&_nc_sid=83d603,https://www.instagram.com/p/CrQnsy-MDoN/
https://scontent-arn2-1.cdninstagram.com/v/t51.2885-15/342214202_151297770988386_3551788156365888036_n.jpg?stp=dst-jpg_e15&_nc_ht=scontent-arn2-1.cdninstagram.com&_nc_cat=106&_nc_ohc=WtNmIkO8oRgAX-l9Jpo&edm=AABBvjUBAAAA&ccb=7-5&oh=00_AfDeLHxJYIODadUxrnPi6lplOSAUMjaKISzs8eU0NlUpbw&oe=64517F93&_nc_sid=83d603,https://www.instagram.com/p/CrQDZBPO83b/
https://instagram.fiev9-1.fna.fbcdn.net/v/t51.2885-15/329997160_1492214604911818_3637528186364160475_n.jpg?stp=dst-jpg_e35_p1080x1080&_nc_ht=instagram.fiev9-1.fna.fbcdn.net&_nc_cat=110&_nc_ohc=xgbGotZ_JM8AX_fjOL9&edm=AABBvjUBAAAA&ccb=7-5&oh=00_AfCxzZDzllcP3ifFTSJEZXVrPuH2dSG5HJh6bCjwzLZPVA&oe=6451AF70&_nc_sid=83d603,https://www.instagram.com/p/Cq8vlQiIggT/
https://instagram.fmnl4-4.fna.fbcdn.net/v/t51.2885-15/343280616_1579148625905942_7861283408216719554_n.webp?stp=dst-jpg_e35_s1080x1080&_nc_ht=instagram.fmnl4-4.fna.fbcdn.net&_nc_cat=102&_nc_ohc=lP1vboDhdyAAX9RLBBV&edm=AABBvjUBAAAA&ccb=7-5&oh=00_AfCmehM90dhl3w4RJzXQWxHFpkG2Xnk3lpTpp2r2XOGc9A&oe=64511721&_nc_sid=83d603,https://www.instagram.com/p/CrbAz-cMcnw/
https://scontent-arn2-1.cdninstagram.com/v/t51.2885-15/327737305_1237317000324538_1197050107648709668_n.jpg?stp=dst-jpg_e15_fr_s1080x1080&_nc_ht=scontent-arn2-1.cdninstagram.com&_nc_cat=110&_nc_ohc=iplNvV83qPYAX_yhCuL&edm=AABBvjUBAAAA&ccb=7-5&oh=00_AfDxBvxjXm2bfiQAXV2g2vffgTv-DrYqFgvA_s-jl6Z5Sg&oe=64515B55&_nc_sid=83d603,https://www.instagram.com/p/Cq9RdiWhQyV/
https://scontent-bos5-1.cdninstagram.com/v/t51.2885-15/341925644_483697487215898_379183768143283540_n.jpg?stp=dst-jpg_e35_p1080x1080&_nc_ht=scontent-bos5-1.cdninstagram.com&_nc_cat=102&_nc_ohc=5pLGQGCTzUYAX8a5nYB&edm=AABBvjUBAAAA&ccb=7-5&oh=00_AfCiHW4DN4FMQfxgsU76gjU9BVn4I5-5YNoLsxa_bBcFmQ&oe=645122A9&_nc_sid=83d603,https://www.instagram.com/p/CrK1P4LhhG_/
https://instagram.fvvi1-2.fna.fbcdn.net/v/t51.2885-15/341835619_1546983485824673_1343788057862261170_n.webp?stp=dst-jpg_e35&_nc_ht=instagram.fvvi1-2.fna.fbcdn.net&_nc_cat=105&_nc_ohc=A7fHVhiqw94AX8l-eDU&edm=AABBvjUBAAAA&ccb=7-5&oh=00_AfDGybXssPyyULOLxqQTkpLbqkYrwLT5VEJOM68M5306Aw&oe=644FFF87&_nc_sid=83d603,https://www.instagram.com/p/CrKzVraSO49/
https://instagram.fbho4-3.fna.fbcdn.net/v/t51.2885-15/340480323_556089133278088_8196876232848280205_n.jpg?stp=dst-jpg_e15_fr_p1080x1080&_nc_ht=instagram.fbho4-3.fna.fbcdn.net&_nc_cat=104&_nc_ohc=NN8oWV37PzkAX92711X&edm=AABBvjUBAAAA&ccb=7-5&oh=00_AfDhUFNnAVaST_JTkuNYfQDUkS_sjRHP7cgQH-l0RrSDIQ&oe=645026AE&_nc_sid=83d603,https://www.instagram.com/p/Cq-3S7UowHf/
https://instagram.fcgh14-1.fna.fbcdn.net/v/t51.2885-15/340823466_1575709549616319_2251588737220284469_n.webp?stp=dst-jpg_e35_p1080x1080&_nc_ht=instagram.fcgh14-1.fna.fbcdn.net&_nc_cat=103&_nc_ohc=DiJLO09kcV0AX9KdHsi&edm=AABBvjUBAAAA&ccb=7-5&oh=00_AfDrnM4iWOIPYeCtjtyWT9ZNX03Ff1xfVWqEVvCDPuiXBw&oe=6450630F&_nc_sid=83d603,https://www.instagram.com/p/Cq_uxqHP0FG/
https://instagram.fyei1-1.fna.fbcdn.net/v/t51.2885-15/340821240_787160439139807_4677426221752699841_n.jpg?stp=dst-jpg_e35_s1080x1080&_nc_ht=instagram.fyei1-1.fna.fbcdn.net&_nc_cat=107&_nc_ohc=RE1nJfdg9ekAX9Czn7X&edm=AABBvjUBAAAA&ccb=7-5&oh=00_AfAVdzGRUR-WLXxPqeLwDOZ29iObHtZdTU52zTMEJnTaxA&oe=64514984&_nc_sid=83d603,https://www.instagram.com/p/CrB7BC_tJBb/
https://instagram.fbkk22-2.fna.fbcdn.net/v/t51.2885-15/340837973_236499485583593_6976401045716768383_n.jpg?stp=dst-jpg_e35_s1080x1080&_nc_ht=instagram.fbkk22-2.fna.fbcdn.net&_nc_cat=105&_nc_ohc=oHChJjiJ-yEAX-WSii6&edm=AABBvjUBAAAA&ccb=7-5&oh=00_AfCB5KUyrEGC0hmTIMD5p424DY3PdkNaw9yRo5_CFH2lfw&oe=644FFC7A&_nc_sid=83d603,https://www.instagram.com/p/Cq7rFQOsoQV/
https://scontent-lga3-2.cdninstagram.com/v/t51.2885-15/342099496_185498550969149_2699250767672428843_n.jpg?stp=dst-jpg_e35_p1080x1080&_nc_ht=scontent-lga3-2.cdninstagram.com&_nc_cat=105&_nc_ohc=gBZT8dfWM0oAX_nxC0u&edm=AABBvjUBAAAA&ccb=7-5&oh=00_AfDApw2UzVHfCoFJzoPbZ6LjEYExvdsFMoZYUMidm5STPw&oe=6450E831&_nc_sid=83d603,https://www.instagram.com/p/CrOn2k8IM5P/
https://scontent-ord5-2.cdninstagram.com/v/t51.2885-15/341741922_160839536611908_6031362706005694165_n.jpg?stp=dst-jpg_e35_p1080x1080&_nc_ht=scontent-ord5-2.cdninstagram.com&_nc_cat=100&_nc_ohc=Z29TD9XtCCEAX9ldF8L&edm=AABBvjUBAAAA&ccb=7-5&oh=00_AfAvwWSFBn5eGb6mfehjk1yhQaA-Y1H25pmrAhD-lYtBlQ&oe=645072FE&_nc_sid=83d603,https://www.instagram.com/p/CrJl-pPL5LJ/
https://instagram.fsdu20-1.fna.fbcdn.net/v/t51.2885-15/327993314_2224269137963821_1592365252225449148_n.jpg?stp=dst-jpg_e35_s1080x1080&_nc_ht=instagram.fsdu20-1.fna.fbcdn.net&_nc_cat=101&_nc_ohc=mpeVkyrbGIIAX9KyF1H&edm=AABBvjUBAAAA&ccb=7-5&oh=00_AfANHhNPh8rVI0hgsJAUYVIq50HCXw8yQk4KlB2yilVZKQ&oe=6450C50F&_nc_sid=83d603,https://www.instagram.com/p/CrD-6BHtVJ7/
https://instagram.famd4-1.fna.fbcdn.net/v/t51.2885-15/327024814_206138668783757_1947193707041975763_n.jpg?stp=dst-jpg_e35_p1080x1080&_nc_ht=instagram.famd4-1.fna.fbcdn.net&_nc_cat=105&_nc_ohc=easi3pbr6_wAX-pQt6B&edm=AABBvjUBAAAA&ccb=7-5&oh=00_AfDd4jstGQCn1s_YRiQRMoiorCFKslSiVdHH_za6UAW0Bg&oe=6450DD37&_nc_sid=83d603,https://www.instagram.com/p/CrB7Msvr_q7/
https://scontent-arn2-1.cdninstagram.com/v/t51.2885-15/341341367_744356440653775_590190477129046331_n.webp?stp=dst-jpg_e35&_nc_ht=scontent-arn2-1.cdninstagram.com&_nc_cat=107&_nc_ohc=6aoum_IejlgAX90wAfn&edm=AABBvjUBAAAA&ccb=7-5&oh=00_AfCAVfx8JrQN5nY98rDsBHOx9t1IkdQLGG1YUQb6UiYUrg&oe=644FEB75&_nc_sid=83d603,https://www.instagram.com/p/CrCWgAKvuiL/
https://scontent-lga3-2.cdninstagram.com/v/t51.2885-15/341194804_516953640447641_9167208060313671722_n.jpg?stp=dst-jpg_e15_fr_p1080x1080&_nc_ht=scontent-lga3-2.cdninstagram.com&_nc_cat=105&_nc_ohc=oEhC89DkxwMAX8diAae&edm=AABBvjUBAAAA&ccb=7-5&oh=00_AfA2tDyMWxZbnfviLnkm_RrlvSETXTLhPRaedhc2qISCuw&oe=6450F7E5&_nc_sid=83d603,https://www.instagram.com/p/Cq-HO0loHq6/
https://scontent-atl3-1.cdninstagram.com/v/t51.2885-15/340997990_1429387080933380_7599521331441276302_n.webp?stp=dst-jpg_e35_s1080x1080&_nc_ht=scontent-atl3-1.cdninstagram.com&_nc_cat=108&_nc_ohc=xXQAH-lAoe8AX_nE7-q&edm=AABBvjUBAAAA&ccb=7-5&oh=00_AfAvWDxZMErO8t-mEePvFpSJDALLcd8l3x2y-04LH-LtVw&oe=64509945&_nc_sid=83d603,https://www.instagram.com/p/Cq8OqQav0p_/
https://instagram.fjog3-1.fna.fbcdn.net/v/t51.2885-15/342226798_218026317590473_1047869814513561039_n.jpg?stp=dst-jpg_e35&_nc_ht=instagram.fjog3-1.fna.fbcdn.net&_nc_cat=101&_nc_ohc=ZFr6Vn7hB1YAX-E8VvF&edm=AABBvjUBAAAA&ccb=7-5&oh=00_AfBtE8eXzm8EnBHTicNveeTLoYSIFc7jDE7CZiEoT6rF3A&oe=6450CE4E&_nc_sid=83d603,https://www.instagram.com/p/CrOnfUZOFYe/
https://instagram.fdel27-4.fna.fbcdn.net/v/t51.2885-15/341172745_202757375830110_9143318512245634636_n.webp?stp=dst-jpg_e35_s1080x1080&_nc_ht=instagram.fdel27-4.fna.fbcdn.net&_nc_cat=106&_nc_ohc=HqL3zq9b1oAAX_kkN6n&edm=AABBvjUBAAAA&ccb=7-5&oh=00_AfDKyIdwYP-y9AkjXWIUEwRV02vREGTRK8Fe68WoCoUS4w&oe=64504668&_nc_sid=83d603,https://www.instagram.com/p/CrEkxmhuw8y/
https://scontent-lga3-2.cdninstagram.com/v/t51.2885-15/319776880_138070035745013_420254646228669248_n.jpg?stp=dst-jpg_e35_s1080x1080&_nc_ht=scontent-lga3-2.cdninstagram.com&_nc_cat=105&_nc_ohc=3mvRVdgip8MAX9Bmc6D&edm=AABBvjUBAAAA&ccb=7-5&oh=00_AfDCKqnOrm0n2Qml0yKqA_dfYmtJQqUdFnsrQDy4yGY5CQ&oe=645135DC&_nc_sid=83d603,https://www.instagram.com/p/CmNd-hwpn_m/
https://scontent-sea1-1.cdninstagram.com/v/t51.2885-15/341844938_250709160709315_4561915063490450482_n.webp?stp=dst-jpg_e35&_nc_ht=scontent-sea1-1.cdninstagram.com&_nc_cat=107&_nc_ohc=j9JULwrfWkUAX8o9zM0&edm=AABBvjUBAAAA&ccb=7-5&oh=00_AfD_76DjfVFGCaLgz3I0zi4aX1jIzU4OTVx2l0JQj6yOWQ&oe=64503FFF&_nc_sid=83d603,https://www.instagram.com/p/CrImOziNH9j/
https://instagram.fiev15-1.fna.fbcdn.net/v/t51.2885-15/341173972_1172641276758307_5309336791543681276_n.jpg?stp=dst-jpg_e35_s1080x1080&_nc_ht=instagram.fiev15-1.fna.fbcdn.net&_nc_cat=107&_nc_ohc=1E-18LGEAYMAX_2sUYN&edm=AABBvjUBAAAA&ccb=7-5&oh=00_AfBa4BKO0Ms-7w6WJXY_lDbgU4MkgqB57csBcG2BkWMPWg&oe=64517F88&_nc_sid=83d603,https://www.instagram.com/p/CrICdJOt9x9/
https://scontent-ord5-2.cdninstagram.com/v/t51.2885-15/329771348_992441765077827_5447212831435271452_n.jpg?stp=dst-jpg_e35_s1080x1080&_nc_ht=scontent-ord5-2.cdninstagram.com&_nc_cat=103&_nc_ohc=TUWFdfgubuIAX9_ou5w&edm=AABBvjUBAAAA&ccb=7-5&oh=00_AfCF00vN0VbBkTJHeOMFOUN3Zsty3Sz2hjlmabmZcWzs-Q&oe=6450506E&_nc_sid=83d603,https://www.instagram.com/p/CrAHs68NpAg/
https://scontent-ord5-2.cdninstagram.com/v/t51.2885-15/341129784_245639271252156_1008480121480266283_n.jpg?stp=dst-jpg_e35_p1080x1080&_nc_ht=scontent-ord5-2.cdninstagram.com&_nc_cat=100&_nc_ohc=irvH9HGUWP4AX8a5Ltc&edm=AABBvjUBAAAA&ccb=7-5&oh=00_AfAhwge73C1kqe39MDtPxl1PS4mT24OooTKF6VO5piUC2A&oe=644FF4E4&_nc_sid=83d603,https://www.instagram.com/p/CrGuDgqR8G6/
https://scontent-ord5-2.cdninstagram.com/v/t51.2885-15/116017109_1157680164630991_2716013417497452705_n.jpg?stp=dst-jpg_e35&_nc_ht=scontent-ord5-2.cdninstagram.com&_nc_cat=107&_nc_ohc=ZLiIi4pWQEAAX8lD2kx&edm=AABBvjUBAAAA&ccb=7-5&oh=00_AfC6uuzRPUj6NUh7zIcbY0QVpPIryR22eyetLYsmbcjqDQ&oe=64512141&_nc_sid=83d603,https://www.instagram.com/p/CDMREK6nzKX/
https://scontent-atl3-2.cdninstagram.com/v/t51.2885-15/343757155_1575466012942553_4824016951499948027_n.jpg?stp=dst-jpg_e35_p1080x1080&_nc_ht=scontent-atl3-2.cdninstagram.com&_nc_cat=105&_nc_ohc=kQF0HWC91EwAX9QxkUY&edm=AABBvjUBAAAA&ccb=7-5&oh=00_AfAIZUXeMD-ljh6OH--wKzSXqtfQBeEP91GpFhGKKzUYKg&oe=6451474A&_nc_sid=83d603,https://www.instagram.com/p/Cre9kqHIMw1/
https://instagram.fbma4-1.fna.fbcdn.net/v/t51.2885-15/341340218_189945273834092_6780982025643588563_n.jpg?stp=dst-jpg_e15_fr_s1080x1080&_nc_ht=instagram.fbma4-1.fna.fbcdn.net&_nc_cat=108&_nc_ohc=xjdqfx-bI2cAX_cPBDM&edm=AABBvjUBAAAA&ccb=7-5&oh=00_AfD2rbaofDVKC4iXMyU-vfuoSdYwL7B87SQiQx3FrtTRrQ&oe=645060C6&_nc_sid=83d603,https://www.instagram.com/p/Cq_s_7FhE1m/
https://instagram.fiev22-2.fna.fbcdn.net/v/t51.2885-15/343108931_1702114360227400_4384344996660763733_n.jpg?stp=dst-jpg_e35_p1080x1080&_nc_ht=instagram.fiev22-2.fna.fbcdn.net&_nc_cat=104&_nc_ohc=8DiynmLvLp8AX9YKbhj&edm=AABBvjUBAAAA&ccb=7-5&oh=00_AfDrjkd1Vt9_TdSo38bM8ljEa_zAC65vihMhJX5slUzF8Q&oe=644FFC38&_nc_sid=83d603,https://www.instagram.com/p/CrfT3YQovw_/
https://scontent-mad2-1.cdninstagram.com/v/t51.2885-15/340496066_948380119845838_6852881814234014474_n.webp?stp=dst-jpg_e35_p1080x1080&_nc_ht=scontent-mad2-1.cdninstagram.com&_nc_cat=110&_nc_ohc=OFaVGGEzSa8AX_YCobM&edm=AABBvjUBAAAA&ccb=7-5&oh=00_AfBbNwPIO2tZ8XonQdnxJoTovg5wGSYpV8YKzcedNpFyDQ&oe=64510688&_nc_sid=83d603,https://www.instagram.com/p/Cq7zvAINTPQ/
https://instagram.ffln1-1.fna.fbcdn.net/v/t51.2885-15/341372975_1943506202677504_2000318417849016568_n.jpg?stp=dst-jpg_e35_p1080x1080&_nc_ht=instagram.ffln1-1.fna.fbcdn.net&_nc_cat=104&_nc_ohc=O0o5Cvx63ewAX872uDR&edm=AABBvjUBAAAA&ccb=7-5&oh=00_AfB4n_lqmkBkLJOrlKG3p4utjrDad5F7cpHPKZeFGh3CAw&oe=6450CC2D&_nc_sid=83d603,https://www.instagram.com/p/CrA_YIGprDZ/
https://instagram.fceb1-1.fna.fbcdn.net/v/t51.2885-15/341174293_1671808393241588_5595700501752250304_n.jpg?stp=dst-jpg_e35&_nc_ht=instagram.fceb1-1.fna.fbcdn.net&_nc_cat=108&_nc_ohc=1U_wBoR8LbwAX-QYnVz&edm=AABBvjUBAAAA&ccb=7-5&oh=00_AfB8uOZgi46qwxgV8k0e8t-Z46ho33SkdLC7IxI9-72ozQ&oe=64507021&_nc_sid=83d603,https://www.instagram.com/p/CrB-hv_rEp4/
https://scontent-lga3-1.cdninstagram.com/v/t51.2885-15/329729074_1473553856510290_8282108707067096634_n.jpg?stp=dst-jpg_e35_p1080x1080&_nc_ht=scontent-lga3-1.cdninstagram.com&_nc_cat=110&_nc_ohc=9PixMASFah0AX8SSAqr&edm=AABBvjUBAAAA&ccb=7-5&oh=00_AfAQoEHfulOQSNsGD2kC8klmz82HqS1kDamkmc3MxujLNA&oe=645036CF&_nc_sid=83d603,https://www.instagram.com/p/Cq__IjLM7oR/
https://scontent-iad3-1.cdninstagram.com/v/t51.2885-15/328963659_946556019811288_5861348466043522634_n.webp?stp=dst-jpg_e35_p1080x1080&_nc_ht=scontent-iad3-1.cdninstagram.com&_nc_cat=104&_nc_ohc=XXOVwqYptl4AX8xBmIS&edm=AABBvjUBAAAA&ccb=7-5&oh=00_AfB0TS4VY85GOUUKE3y9mCxdHnI8zPXu1ziEVlg-QX3zKg&oe=64511FF8&_nc_sid=83d603,https://www.instagram.com/p/CrCRUb4urE9/
